party,text
GroenLinks-PvdA,"De heer Klaver (GroenLinks-PvdA): Voorzitter, dank. Vanavond staat er een debat op de agenda over de uit de hand gelopen protesten en het geweld, maar het debat over migratie is nog bezig. Dat is terecht. Dat is een belangrijk onderwerp en een wetsbehandeling, dus daar moet ook alle tijd voor zijn. Maar daarmee lopen we wel heel ver uit de tijd. Voordat je het weet zijn we hier om 4.00 uur 's nachts nog met elkaar over dat belangrijke onderwerp aan het debatteren. Nu heb ik begrepen dat er dinsdag ook ruimte is in het schema. Ik zou willen voorstellen dat we dinsdag het debat met elkaar voeren."
Lid Keijzer,"Mevrouw Keijzer (Lid Keijzer): Ik vind dit echt een vertoning. Nederland staat in brand. Overal maken mensen zich grote zorgen over de ongebreidelde instroom van asielzoekers. De heer Klaver, gesteund door de meerderheid, vindt het niet nodig om daar vanavond over te debatteren. Ik vind het werkelijk ongekend. Geen steun voor dit verzoek. Daarbij komt dat als we het dinsdag plannen na de reguliere agenda, het ook weer veel en veel te laat wordt. In de wereld van de heer Klaver … Ik ben er. Ik kom debatteren en voorstellen doen om iets te doen aan de instroom, maar wat mij betreft kan dat vanavond en moet dat vanavond."
D66,"De heer Van Asten (D66): Voorzitter. We zijn hier in deze zaal inderdaad al de hele dag aan het debatteren over het onderwerp dat ook vanavond op de agenda staat. Daar hadden alle voorstellen dus ook neergelegd kunnen worden. Een debat voeren waar zo veel mensen naar willen kijken, wat uiteindelijk dan tot diep in de nacht zou duren, daar schiet Nederland ook niks mee op. Helaas dus, maar steun voor het voorstel van de heer Klaver."
FVD,"Mevrouw De Vos (FVD): Voorzitter. Deze Kamer wilde het niet hebben over een inhoudelijke oplossing voor de instroom, maar per se wel dit onzindebat voeren. Nu wil de Kamer het weer gaan uitstellen. We moeten het hebben over de inhoud. Geen steun dus voor het voorstel om dit debat nog uitgebreider op een ander moment te voeren. Als we het dan per se willen voeren, laten we het dan maar gewoon vanavond doen."
BBB,"Mevrouw Van der Plas (BBB): Voorzitter. Het debat dat we nu hebben over de vreemdelingenbewaring is nog niet voorbij. Er is nog een tweede termijn van de minister. Dat betekent dat we hier misschien nog wel dik een uur zitten. Dan is het 20.00 uur. Ik ben het zeker met mevrouw Keijzer eens dat hier urgentie achter zit, maar wij hebben ook een taak richting de mensen die hier in de Tweede Kamer werken: de bodes, de staf, de griffier. Ik voorzie dat dit gewoon echt tot diep in de nacht gaat duren. Dat maakt het debat er ook niet beter op, overigens. Dan gaat de aandachtsspanne weg en kunnen we niet goed inhoudelijk debatteren. Dat is de reden waarom ik steun geef aan het verzoek om het uit te stellen. Wel heb ik daar een opmerking of vraag bij. Ik voel me ook niet zo lekker bij de titel en de insteek van het debat. Er staat nog een asieldebat. Volgens mij kan alles wat hier in dit debat besproken zou worden, ook bij dat asieldebat dat er nog staat. Mijn voorstel zou dus zijn om dit dinsdag te plannen, maar dan tijdens het asieldebat en eventueel met de woordvoerders die nu ingeschreven staan."
PvdD,"Mevrouw Ouwehand (PvdD): Voorzitter, dank. Fijn dat u ook opmerkt dat we hier ons werk alleen maar kunnen doen dankzij de medewerkers die ons helpen. Als dit debat pas na achten kan beginnen met vier bewindspersonen, weten we gewoon dat het écht veel te laat wordt, dus steun voor het verzoek om het dinsdag te doen."
JA21,"De heer Ceulemans (JA21): Ik vond de hele aanvraag al één groot circus, het hele debat wordt één groot circus en ik vind dit ook weer een beetje een circus. Ik heb ook niet het idee dat het nou zó ver aan het uitlopen is. Ik vind het dus goed als het debat vandaag niet doorgaat, maar ik wil dan dat het dinsdag ook niet doorgaat. In ieder geval geen steun voor het verplaatsen dan, maar er is kennelijk al een meerderheid."
PVV,"De heer Graus (PVV): Over aangehouden moties gesproken: ik wil graag twee moties aanhouden onder punt 7, de stemmingen over moties ingediend bij het tweeminutendebat Luchtvaart. Het gaat over twee moties van het lid Graus: die op stuk nr. 1282 (31936) en die op stuk nr. 1283 (31936). Ik wil geen broedende kippen van de nesten af schoppen."
GroenLinks-PvdA,"Mevrouw Bromet (GroenLinks-PvdA): Voorzitter, dank u wel. Wij hebben een brief van de minister van LVVN gekregen waarin staat dat hij in de week voor het zomerreces komt met een pakket om de stikstofcrisis aan te pakken. Mevrouw Van der Plas van de BBB heeft al eerder een debat hierover aangevraagd. Mijn verzoek is erop gericht om dit debat plenair te houden in de laatste week voor het reces."
DENK,"De heer El Abassi (DENK): Voorzitter. Mensen levend in brand willen steken door terroristen die de brandweer vervolgens weer tegenhouden; dat is wat er in Loosdrecht is gebeurd. Vluchtelingen, agenten en raadsleden worden belaagd met vuurwerk en fakkels. Keer op keer heb ik gewaarschuwd voor de gevolgen van extreemrechtse ophitsing en complottheorieën, zoals omvolking, ook vanuit dit huis. Burgemeesters en bestuurders worden bedreigd en spreken inmiddels ook van ""terreur en intimidatie"". Voor de zoveelste keer verzoek ik om een debat met de minister van Justitie en Veiligheid."
BBB,"Mevrouw Van der Plas (BBB): Voorzitter. Geweld is altijd af te keuren; dat kunnen we hier niet vaak genoeg zeggen. Volgende week, op 27 mei, is er echter een commissiedebat Terrorisme/extremisme. Daar is de minister al bij. Ik denk dat dat de snelste weg is daarvoor. Over het demonstratierecht komt er ook nog een debat op 21 mei; dat zeg ik uit mijn hoofd. Daar zou de minister van Justitie dan bij gevraagd kunnen worden. Maar goed, dat kan je in de commissie regelen."
PvdD,"Mevrouw Ouwehand (PvdD): Wat we zagen, was opnieuw extreemrechts geweld. Het kabinet moet keihard normeren, begrenzen en optreden. Dat doet het niet. Daar moeten we dus een debat over voeren, maar straks vraagt de heer Klaver over dit afschuwelijke geweld een breder debat aan, met ook de minister-president erbij. Dat heeft dus onze voorkeur, maar we vinden absoluut dat hier een debat over gevoerd moet worden."
Lid Keijzer,"Mevrouw Keijzer (Lid Keijzer): Er was een aanvraag voor het vragenuurtje van mevrouw De Vos, die net even wat eerder was dan ik, om vragen te stellen over het statement van de minister-president, dat volstrekt wereldvreemd en onder de maat was. Er staat van mevrouw De Vos een verzoek om heel snel een asieldebat te hebben, evenals van de heer Klaver. Ik denk dat we die bij elkaar kunnen stoppen. Volgens mij komt daar steun voor. Maar geen steun voor dit aparte verzoek. Ik dacht trouwens dat de heer El Abassi het had over het rapport van de Civil Commission over 7 oktober …"
DENK,"De heer El Abassi (DENK): Voorzitter, ik vind het schandalig. Laat ik het daarbij houden. Voorzitter. Dan mijn volgende verzoek. Ook hiervoor heb ik hier bijna wekelijks gestaan en sta ik hier bijna wekelijks. Er vinden wekelijks aanvallen op moskeeën plaats. Opnieuw is een moskee beklad met intimiderende en discriminerende symbolen. Inmiddels zijn extra cameratoezicht en politiebewaking nodig. Keer op keer kaart ik hier de groeiende moslimhaat aan. Burgemeesters spreken over aantasting van het veiligheidsgevoel en groeiende spanningen in de samenleving, maar vanuit de Kamer blijft het steeds stil. Ik verzoek om een debat met de minister van Justitie en Veiligheid over de toename van moslimhaat en de angstaanjagende aanvallen op moskeeën, waar ikzelf echt bang van word, iedere keer weer."
BBB,"Mevrouw Van der Plas (BBB): Ook hier geldt: er is een commissiedebat Discriminatie en racisme op 21 mei. Daar past dit onderwerp heel goed tussen. Het is ook sneller. Hetzelfde geldt voor 27 mei. Dan is er een debat Terrorisme en extremisme. De heer El Abassi zou kunnen overwegen om bij het commissiedebat van 21 mei ook de minister van Justitie en Veiligheid erbij te vragen. Dus we keuren alles af wat de heer El Abassi naar voren brengt, in de zin van de acties die zijn gepleegd, de davidsterren. Laat daar geen misverstand over bestaan. Dat is afschuwelijk, maar laten we dit gewoon in de commissiedebatten bespreken."
GroenLinks-PvdA,"De heer Klaver (GroenLinks-PvdA): Voorzitter, dank. De bonden hebben een ultimatum gesteld aan het kabinet. Er was een meerderheid voor een debat. Ik heb inmiddels begrepen dat een brief aanstaande is en op korte termijn naar de Kamer komt. Ik zou u willen verzoeken om zodra die brief er is, direct een debat in te plannen en er niet te lang overheen laten gaan."
VVD,"Mevrouw Michon-Derkzen (VVD): De heer Klaver zegt hier iets anders dan ik op de regeling lees. Ik denk dus dat het van belang is, want het luistert nauw, dat we scherp hebben waarvoor we hier steun geven. Vorige week hebben we vanuit de coalitie ook gezegd dat we een brief willen van het kabinet en dat we daarna een debat kunnen hebben. In de regeling staat: we willen zo snel mogelijk een debat hebben. Daar hoort u nu ook een reactie op. Wat mij betreft gaan we met het kabinet in debat nadat er een brief is gekomen, dus niet daarvoor, en hebben we dus ook niet ""zo spoedig mogelijk"" een debat."
JA21,"De heer Ceulemans (JA21): Onze lijn is dezelfde als die van vorige week: er valt iets te bespreken op het moment dat er een reactie van het kabinet is. Daarvoor een debat is een totale herhaling van zetten. We willen dus eerst de reactie van het kabinet afwachten. Als die er is, dan kan daarover het debat gevoerd worden."
ChristenUnie,"Mevrouw Bikker (ChristenUnie): Voorzitter, dank u wel. Afgelopen week vergaderde de Kamer in eerste termijn over de herindeling van Hilversum en Wijdemeren. Dat kregen we niet af. Gezien de planning, de verkiezingen die in november ingepland staan en het feit dat dit ook op tijd door de Eerste Kamer behandeld moet worden, wil ik volgens mij met brede steun van de commissie vragen om dit debat nog deze week te houden en volgende week te stemmen over dit wetsvoorstel."
Groep Markuszower,"De heer Heutink (Groep Markuszower): Vorige week stond ik hier om een debat aan te vragen over DigiD. Omdat we geen tijd meer te verliezen hebben, sta ik hier vandaag opnieuw. Vorige week gaven een aantal fracties aan dat ze de BTI-toets willen afwachten, of de technische briefing over de risicoanalyse, maar wachten is geen optie, want nu blijkt dat Solvinity bij Binnenlandse Zaken per brief heeft aangegeven helemaal niet te gaan wachten op ons. Wij kunnen dus met z'n allen wachten tot we een ons wegen, maar dan zijn we DigiD gewoon kwijt. Ik wil dus een brief van het kabinet en ik wil deze of volgende week een debat hebben met de staatssecretarissen van Binnenlandse Zaken en Koninkrijksrelaties en van Economische Zaken en Klimaat, over DigiD."
GroenLinks-PvdA,"Mevrouw Kathmann (GroenLinks-PvdA): De Kamer is verkeerd geïnformeerd, blijkt uit nieuwe informatie. Daar blijkt ook uit dat we echt geen tijd meer hebben. Er liggen heel stevige, bijna unanieme Kameruitspraken dat DigiD volledig in Nederlandse handen gebracht moet worden. De tijd is echt heel beperkt, dus we moeten het debat over DigiD zo snel mogelijk voeren. Steun."
D66,"Mevrouw El Boujdaini (D66): Geen steun, want zoals we vorige week ook al hebben gezegd, willen we echt eerst de resultaten van de BTI-toets afwachten. Daarna willen we ook nog een kabinetsreactie. Zo hebben we alle informatie om het debat echt goed met elkaar te kunnen voeren. Het is heel belangrijk. Daarom kunnen we dit niet doen wanneer de informatie die we hebben onvolledig is."
Groep Markuszower,"De heer Heutink (Groep Markuszower): Ik kan het wel kort houden, voorzitter. De gasopslag is vandaag voor 12,7% gevuld, terwijl dat vorig jaar nog het dubbele was. Nu zijn de gasprijzen torenhoog, moeten we duur gas inkopen en dat mogelijk goedkoop weer verkopen als de prijzen dalen. Wie draait daarvoor op? Dat is juist de belastingbetaler. Tegelijkertijd zal wachten resulteren in een gasopslag die niet voldoende gevuld zal zijn. Je kunt immers maar zoveel gas per dag opslaan. Ik wil dat we ervoor zorgen dat er voldoende gas is, maar ook dat de Nederlandse belastingbetaler niet de dupe wordt van deze systematiek. Daarom wil ik een debat met de minister van Klimaat en Groene Groei hierover."
Volt,"De heer Dassen (Volt): Dank, voorzitter. Vorige week stond ik hier ook om een debat aan te vragen met de minister van Justitie en Veiligheid over het verkeerd informeren van de Kamer ten aanzien van contracten met Palantir, een bedrijf dat AI gebruikt en waar de Nederlandse overheid zaken mee doet, terwijl we weten dat dit bedrijf is opgericht door mensen met een antidemocratisch geluid, en wordt ingezet voor deportaties en voor het moorden in Gaza. Het lijkt me goed om hier als Kamer zo snel mogelijk een debat over te hebben. Vorige week waren er partijen zoals de PVV, de VVD en het CDA die niet naar voren kwamen omdat ze niet bereid waren steun te geven. Ik bied ze graag een herkansing."
Volt,De heer Dassen (Volt): Zeker. De overheid wil graag 2 miljard investeren in Tata Steel. Afgelopen week kwam er weer verschillend nieuws naar buiten. Dat ging onder andere over een verlies van 150 miljoen en een nieuwe rechtszaak die is gestart. Maar er was ook het nieuws dat de vergunning voor de kooksgasfabrieken mogelijk wordt ingetrokken. Dat gaat wel degelijk een heel grote invloed hebben op de transitie naar groen staal. Ik zou graag een reactie van het kabinet ontvangen over wat de gevolgen hiervan zijn voor de maatwerkafspraken en voor het plan dat Tata heeft ingeleverd. Ik zou hier vervolgens graag een debat over willen voeren met de minister van KGG.
GroenLinks-PvdA,"Mevrouw Tseggai (GroenLinks-PvdA): Dank u wel, voorzitter. Het is de afgelopen tijd heel veel gegaan over noodpakketten, voedselvoorraden en gasvoorraden in Europees Nederland. Het wordt tijd dat we het ook gaan hebben over Caribisch Nederland. De Algemene Rekenkamer concludeerde recent dat er bij rampen nauwelijks voorraden in Caribisch Nederland zijn. Op Saba is er bijvoorbeeld drinkwater voor maar één dag. Dat is overigens ook tegen de Europese regels in. Het lijkt mij dan ook goed om een debat te hebben over weerbaarheid op de BES-eilanden, ook vanwege het verhoogde risico in het gebied op natuurgeweld, dat wij hier in Europees Nederland niet hebben."
PVV,"Mevrouw Vondeling (PVV): Dank. 43% van de 130.000 Oekraïners wil in Nederland blijven, ook als de oorlog ten einde komt. Zij willen niet terug naar Oekraïne. Ze willen zelfs het liefst een Nederlands paspoort. Driekwart van de Oekraïners wil graag een Nederlands paspoort. Ons land zit propvol, overvol. Nederland kan het niet meer aan. Oekraïners moeten terug naar Oekraïne, beginnend met de Oekraïense mannen die hun thuisland kunnen helpen verdedigen en heropbouwen. Daarom wil ik graag een debat met de minister van Asiel en Migratie."
GroenLinks-PvdA,"De heer Stultiens (GroenLinks-PvdA): Dank, voorzitter. Het kabinet was van plan om de hypotheekrenteaftrek te verruimen, met maar liefst 280 miljoen. Vorige week hebben we dat met een meerderheid van de Kamer teruggefloten en gevraagd die niet te verruimen. Binnen een uur zei de VVD: deze motie gaat niet worden uitgevoerd. Het kabinet heeft nog geen brief gestuurd waarin het zegt die wel uit te gaan voeren. Daarom is het de hoogste tijd voor een debat met de staatssecretaris van Financiën, want moties dienen gewoon uitgevoerd te worden."
SP,"De heer Jimmy Dijk (SP): Voorzitter. Wel steun. Het valt me op dat aangenomen moties de laatste tijd niet of heel karig worden uitgevoerd. Ik zou het fijn vinden als collega-Kamerleden toch dit soort debatten gaan steunen, ook als moties misschien niet heel erg in hun lijn liggen. Anders houdt het wel een keertje op. Dan zijn die stemmingen, waar we net een uur mee bezig zijn geweest, weinig waard."
PVV,"Mevrouw Van Meetelen (PVV): Voorzitter, dank. Nederland werd afgelopen weekend weer opgeschrikt door een vreselijke zaak rond de mishandeling van kinderen, ditmaal in Stadskanaal. We hebben het er vanmiddag in het vragenuurtje ook over gehad. De casussen stapelen zich op. Er is Kamerbreed al overeenstemming over een debat over jeugdzorg en jeugdhulpverlening. De vraag is om dit zo spoedig mogelijk in te plannen. Ook wil ik een minuut extra spreektijd aanvragen voor dat debat."
Groep Markuszower,"Mevrouw Moinat (Groep Markuszower): Voorzitter. Van harte steun voor het debat dat ik toentertijd heb aangevraagd. Wel wil ik daar de kanttekening bij maken dat ik, mochten de rapporten later zijn, opnieuw een debat ga aanvragen. Ik hoop dat de betreffende bewindspersonen mede uitgenodigd worden door de nu uitgenodigde bewindspersoon, want we moeten iedereen erbij hebben."
GroenLinks-PvdA,"Mevrouw Westerveld (GroenLinks-PvdA): Steun, maar wel met het dilemma dat de kans natuurlijk groot is dat de inspectie dit nog moet onderzoeken en dat die rapporten later komen. Zo snel mogelijk inplannen is wat in strijd daarmee, dus ik zou heel graag willen dat dit debat snel wordt ingepland. Ik heb straks zelf ook nog het voorstel om een apart debat te hebben over jeugdbescherming, voor als die rapporten er zijn. Dan kunnen we een uitgebreid debat over het stelsel voeren."
D66,"Mevrouw Heera Dijk (D66): Voorzitter. Gelijkwaardigheid binnen het Koninkrijk vraagt om meer dan goede intenties. Het vraagt om elkaar tijdig betrekken en samen optrekken, zeker bij gevoelige onderwerpen als het slavernijverleden. Het bericht dat er geen contact is geweest met de Caribische landen in ons Koninkrijk in aanloop naar de stemmingen over de VN-resolutie over de slavenhandel, is zorgelijk. Nederland is dit formeel verplicht. Ook moreel gezien zou dat gepast zijn geweest. Juist in internationale dossiers die ons allemaal raken, is gezamenlijke afstemming van groot belang."
SP,"De heer Jimmy Dijk (SP): Dank u wel, voorzitter. Het zal niet voor het eerst zijn dat er een debatverzoek komt om ervoor te zorgen dat ouders, gedupeerden van het toeslagenschandaal, de informatie krijgen waarop gebaseerd is dat zij zouden hebben gefraudeerd en waardoor ze door de mangel en ellende heen zijn gehaald. Er stond een belangwekkend artikel in de krant, waarin stond dat de Ombudsman heeft aangegeven dat de Uitvoeringsorganisatie Herstel Toeslagen en het ministerie nog steeds te weinig oog hebben voor de informatiebehoefte van ouders, en dat het niet per se alleen maar gaat over de documenten en alle dossiers, maar dat ook vragen van ouders moeten worden beantwoord op een heel menselijke manier."
SP,"De heer Jimmy Dijk (SP): Dan mijn tweede verzoek, voorzitter. We hebben al jarenlang mooie politieke Haagse termen als ""prachtwijken"", ""krachtwijken"" en ""kwetsbare wijken"". Er zijn allerlei ""wijken"", waarbij heel vaak wordt gesproken over mensen en te vaak niet met mensen. In het verleden vond veel werk dicht bij de mensen plaats, in de buurten en wijken zelf. Dat was niet alleen goed voor de samenhang van wijken, maar ook voor jonge mensen die een goede en rijke toekomst wilden hebben. Daarom zou ik graag namens de SP een debat willen aanvragen over het organiseren van werk in wijken. Het gaat om kracht voor de wijkeconomie en om werkplaatsen, ondernemers, winkeliers en middenstand in onze buurten en wijken. We moeten ervoor zorgen dat mensen echt werk hebben in hun eigen wijken en buurten. Dat versterkt de samenhang."
DENK,"De heer Van Baarle (DENK): Voorzitter. Afgelopen week waren we allemaal getuige van uitspraken van de heer Markuszower, die weer een nieuw dieptepunt vormden van de demonisering van Palestijnen. Hij zei: ""De Nederlandse overheid moet ze met geweld tegenhouden, misschien met nog meer geweld dan waar ze vandaan zijn gekomen. Die mensen moet je met geweld, echt met geweld en desnoods maximaal geweld, tegenhouden."""
DENK,"De heer Van Baarle (DENK): Ik wil een brief van de minister-president waarin staat wat het kabinet vindt van deze uitspraken en of het kabinet nog met zo'n soort politieke partij wenst samen te werken. Ik wil ook graag een brief van het Presidium. Wat vindt het Presidium ervan dat dit soort uitspraken in het gebouw van de Kamer worden gedaan? Ik wil zo snel mogelijk een debat met de minister-president om dit soort demonisering, oproepen tot geweld en taalgebruik te stoppen."
PvdD,"Mevrouw Ouwehand (PvdD): Het kabinet moet optreden tegen de structurele ontmenselijking van en de genocide op de Palestijnen, en consequenties verbinden aan de weerzinwekkende uitspraken, de oproepen tot geweld tegen Palestijnse vluchtelingen, dus steun daarvoor. Ik heb al Kamervragen gesteld. Ik kreeg een nietszeggend antwoord terug. Ik wil een brief van het kabinet, een brief van het Presidium en een debat. De heer Klaver gaat straks een wat breder debat aanvragen over de normalisering van geweld, extreemrechts en deze uitspraken. Onze voorkeur heeft het om dat bredere debat te voeren, maar de heer Van Baarle heeft er absoluut gelijk in dat we hier de grens moeten trekken."
PVV,"De heer Wilders (PVV): Volgens mij is de context allemaal wat anders dan de collega doet voorkomen. Ik wil graag een principiëler punt maken, zowel nu als dadelijk voor de heer Klaver. Wij zijn Kamerleden en wij controleren het kabinet. Wij houden hier debatten over uitspraken en voorstellen van het kabinet. Wij gaan geen debatten voeren over collega's of uitspraken van collega's. Wij steunen dit verzoek dus niet en het verzoek van de heer Klaver ook niet. Ik moet er goed over nadenken of ik wel mee ga doen aan het debat als er een meerderheid voor is, want nogmaals, wij controleren als Kamerleden het kabinet en niet elkaar. Het staat iedereen vrij om te zeggen wat hij wil."
GroenLinks-PvdA,"Mevrouw Piri (GroenLinks-PvdA): Om daarop te reageren: daar heeft de heer Wilders natuurlijk gelijk in, totdat je de grens overgaat en oproept tot geweld. Dat maakt dit natuurlijk anders. Wij steunen het verzoek om een brief van het kabinet met daarin een reactie hierop. Wel willen wij graag een breder debat, dus het verzoek daarvoor gaan wij straks zelf indienen."
CDA,"De heer Krul (CDA): Het staat de heer Van Baarle vrij om informatieverzoeken te doen, zowel aan het Presidium als aan het kabinet, maar de stijlfiguur voor een plenair debat over uitspraken van een ander Kamerlid kunnen wij niet volgen. Het verzoek van Klaver voor een breder debat vinden wij in die zin veel passender, maar hiervoor geen steun."
BBB,Mevrouw Van der Plas (BBB): Ik sluit me aan bij de woorden van de heer Ellian en de heer Wilders. Wij gaan hier niet spreken over de uitspraken van een collega; wij controleren hier inderdaad het kabinet. Bovendien zijn er heel veel commissiedebatten waarbij dit onderwerp aan de orde kan komen. Dat zijn er elke week wel een aantal.
ChristenUnie,"Mevrouw Bikker (ChristenUnie): Ik vond die uitspraken verwerpelijk en ik zie de verharding en verruwing, maar ik denk juist dat we ook een debat hebben te voeren over hoe we daar naar de toekomst toe beter mee omgaan. Dat vind ik een vraag richting het kabinet. Daarom zal ik straks het verzoek van collega Klaver steunen, maar het verzoek dat nu alleen hierop is gericht niet."
Groep Markuszower,"De heer Markuszower (Groep Markuszower): Ook eens en dank aan de heer Wilders, maar ik wil hier toch ook gezegd hebben dat ik nooit burgers heb opgeroepen tot het plegen van geweld, tegen niemand. Het geweldsmonopolie ligt echt alleen bij de overheid. Ik heb me misschien onhandig uitgedrukt. Daar neem ik afstand van. Dat spijt mij ook. Ik heb niet opgeroepen tot geweld, maar ik vind wel dat we naar een asielstop moeten werken en dat die asielstop maximaal moet worden gehandhaafd, conform de geldende fingerende geweldsinstructie. De context waaruit verkeerd wordt geciteerd, werp ik echt verre van mij."
DENK,"De heer Van Baarle (DENK): Voorzitter. Ik mag toch als ik mijn debatverzoek gedaan heb nog even vaststellen dat ik ook twee informatieverzoeken heb gedaan, één in de richting van de minister-president en één in de richting van het Presidium? Daarbij is het gebruikelijk dat het verzoek nog even formeel doorgeleid wordt. Ik wilde dat checken. Ik zie dat andere mensen wel vaak de ruimte krijgen om zo'n opmerking te maken. Dan constateer ik dat u … (Hilariteit)"
BBB,"Mevrouw Van der Plas (BBB): … eigenlijk tegen de Voorzitter wordt gezegd dat een Kamerlid niet gelijk behandeld wordt. Ik vind dat nogal wat, eerlijk gezegd. Ik wilde dat gezegd hebben. Ik vind dat we dat niet moeten doen. Je kunt het ermee eens zijn of je kunt het er niet mee eens zijn, maar ik vind niet dat we onze voorzitter moeten betichten van discriminatie. Dat is ongehoord."
DENK,"De heer Van Baarle (DENK): Ik heb zojuist gesproken met de familie van de opvarenden van de Global Sumud Flotilla. De verhalen zijn echt enorm zorgelijk. We horen dat het Israëlische bezettingsleger Nederlandse staatsburgers heeft mishandeld, dat mensen met verwondingen terugkomen naar Nederland en dat er ook nog sprake van is dat er op dit moment Nederlandse staatsburgers ontvoerd zijn op open zee. Dat is illegaal, en de Nederlandse regering doet er helemaal niks aan."
PvdD,"Mevrouw Teunissen (PvdD): Voorzitter. De familieleden van de opvarenden van het schip dat is geënterd, hebben nu geen contact met hun geliefden. De opvarenden van het vorige schip dat is geënterd, hebben 40 uur in detentie gezeten, waar ze zijn mishandeld door het Israëlische leger. We weten niet welke extra druk het Nederlandse kabinet op Israël zet om de gevangenen zo snel mogelijk vrij te krijgen. De Partij voor de Dieren steunt dit debat dus van harte. We moeten hier echt de druk gaan opvoeren. Dit zijn Nederlandse staatsburgers."
GroenLinks-PvdA,"Mevrouw Piri (GroenLinks-PvdA): Voorzitter. Ik heb net ook gesproken met familieleden en vrienden van de opvarenden. Als je het vergelijkt met andere Europese landen, is het echt schandalig hoe Nederland hiermee omgaat. Er is geen enkel bericht, geen enkele actieve communicatie naar de familieleden van de acht opvarenden en geen enkele veroordeling, zoals we uiteraard gewend zijn van regering op regering, van de illegale activiteit van Israël. Steun voor het debat, en ook steun voor een brief. Ik wil verzoeken om dat voor 18.00 uur te doen. De families willen gewoon antwoorden over wat het kabinet nu aan het doen is. Dus steun, en graag voor 18.00 uur vanavond."
FVD,"De heer Van Duijvenvoorde (FVD): Voorzitter. Ik was een beetje verbaasd dat er dit weekend allerlei afspraken zijn gemaakt tussen Nederland en India. Dat waren namelijk afspraken over snellere en flexibelere visa, dus het eenvoudiger maken voor Indiase studenten en professionals om naar Nederland te komen, inclusief langetermijnvisa. Kortom, meer migratie. Dit speelt ook tegen de achtergrond van de afspraken tussen de Europese Unie en India en de relatie tussen Nederland en de Europese Unie, want we kunnen het zelf invullen. Maar het grootste punt is dat wij dit hebben moeten vernemen via New Delhi. Dat is echt absurd, want het is aan de Kamer. Ik wil dus graag een debat met de minister, zodat we echt kunnen gaan kijken wat er speelt tussen Nederland en India en tussen de Europese Unie en India. Wij hebben gewoon recht op duidelijkheid daaromtrent."
SP,"De heer Jimmy Dijk (SP): Voorzitter. Terwijl daar gemeenschappen van mensen gebroken worden door oorlog en geweld en mensen op de vlucht raken, worden hier heel erg moedwillig, vanwege economische belangen, mensen uit hun gemeenschap getrokken. Voor economisch gewin worden er gemeenschappen stukgemaakt. Arbeids-, kennis- en studiemigratie is het overgrote deel van het totale aantal migratie. Ik vind het erg goed om hierover een debat aan te vragen, temeer omdat we al jaren horen van verschillende kabinetten dat we iets moeten gaan doen aan kennis-, studie- en arbeidsmigratie, maar daar helemaal niets aan gedaan wordt."
FVD,"Mevrouw De Vos (FVD): Dank, voorzitter. Zeven weken geleden is hier tijdens de regeling het verzoek gedaan om een plenair debat te organiseren over het asielbeleid. Dat is tot op heden nog niet ingepland. Wel is er gisteravond een spoedoverleg geweest met de premier en leden van het kabinet, met als enige uitkomst om een vliegend team van experts op te tuigen om gemeenten te helpen om opvang te realiseren. Maar volgens mij vraagt Nederland om duidelijkheid en concrete maatregelen. Daarom is het van het grootste belang dat de Kamer hierover bij elkaar komt. Mijn verzoek is dan ook om het debat naar aanleiding van dat eerder gedane verzoek zo spoedig mogelijk daadwerkelijk in te plannen, namelijk volgende week en anders de week daarna, en ook de premier daarbij aanwezig te laten zijn."
PVV,"De heer Wilders (PVV): Dit is precies het debat dat we hier moeten voeren, niet dat verzoek van DENK of wat de heer Klaver dadelijk namens PRO gaat zeggen, met allemaal zijstraten erbij. Het gaat over asiel. Ons land staat in brand en het kabinet doet er helemaal niets aan. Mevrouw De Vos heeft helemaal gelijk: hoe eerder dat debat is, hoe beter."
ChristenUnie,"Mevrouw Bikker (ChristenUnie): Sorry, dat was een verrassing! Ik dacht dat mevrouw Van der Plas twee keer aan bod kwam. Dit debat wordt volgens mij al voor de zomer ingepland. Ik vind dat de heer Klaver de actualiteit gewoon nog iets breder neerzet, dus dat debatverzoek zal ik straks ook steunen. Volgens mij gaan we het hier voor de zomer ook over hebben."
GroenLinks-PvdA,"De heer Klaver (GroenLinks-PvdA): Voorzitter. Er is grote onrust in Nederland. We zien overal rellen, al dan niet aangemoedigd door rechts-extremistische clubs. We zien brandstichting bij vluchtelingen in Loosdrecht, oproepen om vluchtelingen met geweld tegen te houden en een vuurwerkbom bij het partijkantoor van D66. Het is de hoogste tijd voor een plenair debat met de minister-president en de minister van Justitie en Veiligheid over het normaliseren van geweld in politiek en samenleving. Dat zou ik graag nog deze week willen houden."
PVV,"De heer Wilders (PVV): Absoluut geen steun, voorzitter. We moeten een debat hebben over asiel, de asielinstroom, hoe we onze grenzen sluiten en hoe we een asielstop krijgen. De heer Klaver heeft op papier ook nog staan, tenzij hij dat nu weg heeft gehaald, dat hij het wil hebben over de uitspraken van meneer Markuszower en de reactie van de premier daarop. Dat maakt het voor ons al helemaal staatsrechtelijk onjuist. De uitspraken van collega Markuszower — dat zei hij net zelf al — zijn in een andere context geplaatst. Wij gaan geen Kamerleden controleren en erover debatteren. Geen steun. Als dit een meerderheid haalt, weet ik eerlijk gezegd ook niet of ik er zal zijn."
BBB,"Mevrouw Van der Plas (BBB): Voorzitter. Vorige week heb ik een soortgelijk debat aangevraagd. Alleen, ik heb het toen ""een gezags- en gedragscrisis"" genoemd. Toen heeft GroenLinks het niet gesteund. Ik vind het dus opmerkelijk dat deze debataanvraag er nu wél komt. Ik wil het steunen, maar ik wil daar wel het volgende bij opmerken, meneer Klaver. Er worden nu een paar voorbeelden genoemd, maar de heer Baudet heeft een bierflesje op zijn kop gegooid gekregen en er werd gedreigd dat ons partijkantoor in de fik gestoken zou worden. Ik heb van bijna niemand in de Kamer daar wat over gehoord, zelfs niet persoonlijk. Verschillende Kamerleden aan de rechterzijde worden ernstig bedreigd. Kijk bijvoorbeeld naar de heer Wilders, die al ruim twintig jaar in een soort van lockdown zit en geen normaal leven heeft. Er komen ook … Nou ja, ""geen normaal leven heeft"" … Dat bedoel ik niet zo. Ik bedoel het serieus. Dus …"
PvdD,Mevrouw Ouwehand (PvdD): Voorzitter. Het kabinet lijkt het extreem moeilijk te vinden om gewoon een duidelijke grens te trekken tegen extreemrechts en gaat tegen de adviezen van onze veiligheidsadviseurs en andere experts in. Zeker steun voor dit debat. Er worden nu namelijk zelfs oproepen gedaan tot geweld tegen Palestijnse vluchtelingen. Het loopt écht de spuigaten uit.
DENK,"De heer Van Baarle (DENK): Voorzitter. Wat we in dit land zien gebeuren, is antivluchtelingenterreur, opgehitst door extreemrechtse uitspraken, waarbij ook uitspraken gedaan worden waarmee direct opgeroepen wordt tot het gebruiken van maximaal geweld tegen Palestijnen. Dat is ziek. We moeten een lijn trekken. Steun om daar zo snel mogelijk over te debatteren."
FVD,"Mevrouw De Vos (FVD): De heer Klaver bewijst hier precies het probleem van de politiek, namelijk dat het de hele tijd gaat over een paar uitschieters. Iedereen is het erover eens dat geweld niet door de beugel kan, maar laten we het vooral hebben over de zorgen die honderdduizenden vreedzame mensen in Nederland hebben. Daar zou het over moeten gaan. Daarom zou er een inhoudelijk debat moeten komen. De heer Klaver bewijst precies dat hij daar niet in geïnteresseerd is door mijn verzoek niet te steunen. Geen steun dus voor dit debat."
JA21,"De heer Ceulemans (JA21): Het vertrouwen in de politiek is al tot een dieptepunt gedaald, en dit debat gaat daar alleen maar verder afbreuk aan doen. Dit wordt één groot moddergevecht waarin de Kamer weer de hele dag met zichzelf bezig is en dat helemaal niets gaat oplossen. Laten we onze tijd nuttig besteden. Geen steun dus voor dit verzoek."
ChristenUnie,"Mevrouw Bikker (ChristenUnie): Voorzitter. Als de burgemeesters, zoals gisteren, vragen om spoedoverleg met het kabinet, vind ik het alleszins logisch dat we dat debat hier voeren. Daarom steun ik het verzoek van collega Klaver ook. Ik vraag het kabinet wel om aan de Kamer goed toe te lichten wat er sindsdien, en ook sinds dat spoedoverleg met de burgemeesters, gewisseld en afgesproken is."
Lid Keijzer,"Mevrouw Keijzer (Lid Keijzer): Voorzitter. Ik vind het eigenlijk heel jammer dat het op deze manier wordt aangevraagd, want dan doe je niet wat er nodig is, namelijk zorgen dat de instroom naar beneden gaat. Ik ga in dat debat voorstellen doen om dat voor elkaar te krijgen en ik hoop ook dat links eindelijk eens bij zichzelf te rade gaat. Links houdt namelijk al vijf, tien, twintig jaar strenge instroombeperkende maatregelen tegen."
VVD,"De heer Ellian (VVD): Sorry, er werd wat geroepen, dus ik was even afgeleid. Ik kan het verzoek steunen. Dit debat is wat ons betreft breder, dus de minister van Asiel en Migratie moet er wat ons betreft ook bij zijn. Je kunt dat niet los zien. Wel wil ik het volgende opmerken. Deze week zouden we een wetsbehandeling hebben over de wet terugkeer en de wijziging van de Vreemdelingenwet. Die wetsbehandeling moet wat ons betreft wel doorgaan."
CDA,"De heer Krul (CDA): Voorzitter. Als dit niet het debat is waar Nederland op zit te wachten, is dit wel het debat dat Nederland gewoon nodig heeft. Er is gisteren een spoedberaad geweest in het Catshuis, waarin gemeentes en bestuurders aangaven dat de maat voor hen ook vol is en dat ze zich onveilig voelen. Natuurlijk moet de Tweede Kamer daar dan over debatteren. Ik voel wel wat voor het verzoek dat de heer Ellian daarbij doet, want het is natuurlijk wel aanpalend aan de discussie rondom de opvang en de asielketen. Wij kunnen dus begrijpen dat de minister van Asiel daarbij gevraagd wordt. Steun voor dit verzoek."
ChristenUnie,"Mevrouw Bikker (ChristenUnie): Ja, voorzitter, en zie het als Lea in plaats van collega Ceder. Daar ben ik. Inderdaad, dit is de vooraankondiging voor dat tweeminutendebat, met het verzoek om ook deze week te stemmen. Ook wil ik rappelleren rondom de antwoorden waarvan de Griffie had verzocht om ze voor 12.00 uur naar de Kamer te sturen, zodat die er in ieder geval zo snel mogelijk zijn."
PVV,"De heer Tony van Dijck (PVV): Dank u wel, voorzitter. Gisteren kregen we een brief van de staatssecretaris van Financiën waarin hij aankondigde dat er een Bulgarenfraude bezig is in dit land. Meer dan 400 Bulgaren hebben ons inmiddels voor 6,7 miljoen opgelicht. Dit vereist een debat. Ik kreeg een déjà vu van 2013, toen staatssecretaris Frans Weekers is opgestapt. Toen ging het ook over toeslagen en Bulgaren en slechts over 4 miljoen, en nu gaat het over 6,7 miljoen. Ik verwacht hier dus met spoed een debat over te voeren."
DENK,"De heer Van Baarle (DENK): Voorzitter. Inderdaad, lang geleden in deze Kamer werd er vaak over gesproken en dat werd dan geframed als ""de Bulgarenfraude"". Die druk vanuit de politiek, zo lezen we in onderzoeken, heeft onder andere geleid tot de toeslagenmisdaad. Een debat met een dergelijke insteek kan ik dus niet steunen."
GroenLinks-PvdA,"Mevrouw Moorman (GroenLinks-PvdA): Voorzitter. Gisteren werd de Staat van Gezinnen 2026 gepresenteerd in Nieuwspoort. Daar waren ook vele leden van de Kamer bij. Het biedt helaas een zorgelijk beeld. We zien dat heel veel gezinnen steeds meer stress ervaren, inmiddels zelfs tot het niveau van de coronapandemie, en dat de ongelijkheid toeneemt. In het rapport worden ook meerdere aanbevelingen gedaan. Het lijkt me dus heel zinvol om dit rapport hier plenair te behandelen, ook omdat het heel integraal is en over veel onderdelen gaat. Ik hoop dus op steun van de Kamer."
ChristenUnie,"Mevrouw Bikker (ChristenUnie): Voorzitter. De ChristenUnie voert heel graag het debat over de Staat van Gezinnen. Ik dank collega Moorman dus dat ze dat aanvraagt. Ook wij willen graag een reactie van het kabinet voordien, zodat we daarna in de breedte een heel goed debat kunnen voeren over al die gezinnen in Nederland."
PvdD,"Mevrouw Teunissen (PvdD): Voorzitter, dank u wel. Als de aarde een patiënt was, dan lag ze nu op de intensive care. Uit een nieuw rapport van de Wereldgezondheidsorganisatie blijkt dat klimaatverandering een catastrofale bedreiging vormt voor onze volksgezondheid en onze veiligheid. We zien de gevolgen nu al: hittesterfte, meer overstromingen, meer infectieziektes en een zorgstelsel dat steeds verder onder druk komt te staan."
PvdD,"Mevrouw Teunissen (PvdD): Hoeveel rapporten zijn er nog nodig voordat het kabinet-Jetten in actie komt? Daarom vraag ik nu graag een debat aan met de minister van Volksgezondheid, Welzijn en Sport en de minister van Klimaat en Groene Groei over de gevolgen van klimaatverandering voor de volksgezondheid, in te plannen vóór het zomerreces."
Groep Markuszower,"De heer Claassen (Groep Markuszower): Voorzitter. In Congo en Uganda woedt een ebola-uitbraak met 88 doden en ruim 300 besmettingen. Er is geen vaccin. De WHO spreekt van een internationale noodsituatie. Ons eigen zorgstelsel staat al op omvallen. Er zijn tienduizenden onvervulde vacatures, het ziekteverzuim ligt boven de 7% en de wachttijden zijn ver boven de norm. Er is geen enkele marge. Ondertussen weten we dat de verplichte infectiescreening in de asielopvang gaten heeft. In de crisisopvang wordt lang niet iedereen gecheckt. Dit kabinet hoopt op geluk in plaats van op een plan. Om tot plannen of inzichten in die plannen te komen, wil ik graag een debat voeren met de minister van VWS."
GroenLinks-PvdA,"Mevrouw Vliegenthart (GroenLinks-PvdA): Voorzitter. Ik snap de noodzaak van het debat, maar we hebben voor binnenkort een technische briefing staan over het hantavirus. Ons voorstel is om dat te verbreden naar ook het ebolavirus. Daarna kunnen we kijken wat er nog nodig is en of we verder moeten met een debat."
DENK,"De heer Van Baarle (DENK): Voorzitter. Deze uitbraak is buitengewoon zorgelijk. Tegelijkertijd is het op dit moment het meest nijpend voor de mensen waar het op dit moment uitgebroken is. Ik zou willen meegeven dat het van belang is om niet alleen de implicaties hier te bespreken — dat moet zeker — maar ook hoe we de mensen daar het beste kunnen ondersteunen om de verspreiding tegen de houden. Dus steun voor het verzoek, maar wel met die kanttekening."
ChristenUnie,"Mevrouw Bikker (ChristenUnie): Voorzitter. Graag een brief waarin het kabinet ook ingaat op hoe er ingezet wordt op de bestrijding van dit virus. Daarnaast wil ik dat het kabinet, gelet op eerdere bezuinigingen op pandemische paraatheid, waarvan het grootste deel gerepareerd is, ingaat op de vraag of alles op orde staat. Pas na die brief wil ik beoordelen of we hier of in de commissie een debat hebben te voeren."
BBB,"Mevrouw Van der Plas (BBB): Voorzitter, ik heb twee verzoeken. Mijn eerste verzoek is om het door mij aangevraagde en ook toegekende debat over de wolf — vorige week is de meerderheid van de Kamer daarmee akkoord gegaan — volgende week in te plannen. De reden daarvoor is als volgt. Misschien denken de leden: ""Waarom moet dat allemaal? Wat is de haast?"" De haast is dat de plannen van de staatssecretaris eigenlijk zo snel mogelijk ingevoerd moeten worden en uitgevoerd moeten kunnen worden. Daarbij is het op dit moment ook nog eens de tijd dat er welpjes worden geboren. We krijgen dus alleen nog maar meer wolven. Het moet dus zo snel mogelijk, zodat we deze plannen ook snel kunnen implementeren."
DENK,"De heer Van Baarle (DENK): Voorzitter. We vinden met elkaar ontzettend veel onderwerpen belangrijk en we vinden van ontzettend veel onderwerpen dat ze spoed moeten hebben. Dat het debat snel ingepland wordt, kan ik begrijpen, maar het hoeft van ons niet volgende week, dus geen steun voor het verzoek."
GroenLinks-PvdA,"Mevrouw Westerveld (GroenLinks-PvdA): Voorzitter. Wij hebben eerder hier besproken dat er een debat moet komen over de jeugdzorg. Daar ben ik het helemaal mee eens. Er zijn heel veel onderwerpen die om bespreking vragen. Ik zou ook graag een debat over jeugdbescherming willen met de staatssecretaris Rechtsbescherming en ook met de minister van Jeugd, omdat het beiden betreft. De reden is dat de inspecties al vanaf 2019 alarm slaan en zeggen dat heel veel kinderen in onveilige situaties terecht zijn gekomen. Wij zijn hier elke keer wel boos als er een afschuwelijke mishandeling is gebeurd, maar dit vraagt ook om een aanpak in het stelsel. Daar zou ik graag een debat over willen. Ik kan me ook voorstellen dat we eerst de inspectierapporten afwachten, niet omdat ik het per se alleen over de situatie in Groningen wil hebben, maar ik denk wel dat het goed is om het in te plannen als de inspectierapporten binnen zijn. Dan hoeven we niet met elkaar te speculeren, maar kunnen we op basis van volledige informatie een debat met elkaar voeren."
SP,"De heer Jimmy Dijk (SP): Dank u wel, voorzitter. De AOW-leeftijd verhogen naar 72 jaar … Achter de tekentafel hebben D66, CDA en VVD bedacht dat dit wel even kan, terwijl veel mensen de AOW-leeftijd nu al niet gezond halen. Er wordt gekort op het maximumdagloon. Mensen die de pech hebben om arbeidsongeschikt te raken, worden keihard geraakt. Mensen die werkloos worden omdat hun bedrijf verplaatst voor meer winst voor aandeelhouders, krijgen een kortere WW. Oudere werknemers die niet meer aan de bak komen, komen door een kortere WW in de bijstand of in armoede terecht. Jongeren moeten 24 jaar achter elkaar werken om slechts 1 jaar WW te krijgen, terwijl politici hier meer dan 3 jaar wachtgeld krijgen. Het kabinet plundert de kas van werknemersverzekeringen. Dit kabinet ziet sociale zekerheid als een kostenpost, met 6,5 miljard euro aan bezuinigingen. Het zijn steeds dezelfde mensen die geraakt worden. Mensen die ons land draaiende houden, betalen keer op keer de prijs, de rekening. Het is erg goed dat vakbonden gezamenlijk een ultimatum hebben gesteld. Die bezuinigingen moeten binnen twee weken van tafel. De minister reageerde gisteren dat hij met een nieuw voorstel zal komen. Mijn vraag is dus of de minister zich ervan bewust is dat in deze nieuwe voorstellen geen bezuinigingen mogen staan. Hij is degene die al een halfjaar lang onrust veroorzaakt. Als hij niet met een nieuw voorstel komt, zonder deze bezuinigingen, zal hij dezelfde fout blijven maken."
GroenLinks-PvdA,"De heer Klaver (GroenLinks-PvdA): Dank u wel, voorzitter. De bonden hebben gisteren een ultimatum afgekondigd van twee weken, met hele heldere eisen: de bezuiniging op de AOW, de WIA en de WW moet van tafel. Dat zijn dezelfde eisen die wij in de Kamer ook al op tafel hebben gelegd. De bonden zijn bereid om te praten met deze coalitie en ook wij zijn bereid om te praten om dit land verder te helpen, maar niet met het mes op de keel, met de dreiging van bezuinigingen. Concreet verzoek ik het kabinet om een brief, te ontvangen vóór het verstrijken van de deadline die de vakbonden hebben gesteld, en een debat, ook te houden voordat de deadline van de vakbonden verstrijkt."
PVV,"De heer Wilders (PVV): Ik steun dat. Even voor de helderheid: het ultimatum is gisteren gesteld. ""Over twee weken"" is komende dinsdag over een week. Dat betekent, als ik het goed begrijp, dat volgende week die brief moet komen, en dat dan ook het debat moet zijn. Dat steun ik, want wat er gebeurt, is een schande. Al die bezuinigingen moeten we echt niet accepteren. De vakbeweging heeft groot gelijk. Ik steun dit, maar ik wil eraan toevoegen dat ik ook heel graag de minister-president bij dit debat zou willen. Ik weet niet of de collega dat wil steunen, maar het is belangrijk genoeg om ook de minister-president erbij te hebben."
ChristenUnie,"De heer Grinwis (ChristenUnie): Voorzitter. Steun voor dit verzoek en ook steun voor het voorstel van de heer Wilders om de premier erbij uit te nodigen. Ik doe ook het verzoek aan u, voorzitter, om het debat in te plannen vóór het verstrijken van het ultimatum en om, als er onverhoopt geen meerderheid is voor een debat, ervoor te zorgen dat we in ieder geval de brief, de reactie, krijgen voor het verstrijken van het ultimatum."
VVD,"Mevrouw Michon-Derkzen (VVD): Voorzitter. De minister heeft die brief net in het vragenuurtje ook toegezegd. Ik ben zeer benieuwd naar die brief. Die moeten we hebben en als we die brief hebben, kunnen we met elkaar in debat. Dat hoeft van mij niet voor het verstrijken van het ultimatum, maar een debat over deze problematiek op basis van die brief lijkt mij prima."
GroenLinks-PvdA,"De heer Klaver (GroenLinks-PvdA): Dit is toch vrij vreemd? Ik heb niet gehoord dat coalitiepartijen daarvoor zijn gaan liggen. Ik vind het vrij vreemd dat daar dan geen steun voor zou zijn. De vakbonden hebben een ultimatum gesteld. Ze hebben gezegd: we gaan Nederland platleggen. Bijna de volledige oppositie heeft gezegd: laten we hierover spreken voor het verstrijken van deze deadline. Als die deadline in augustus zou zijn, hadden we gezegd: graag voor augustus. Maar dat is niet het geval. Het gaat nu om twee weken. Ik kijk dus nog even naar de coalitie. Wil die blokkeren dat er volgende week een debat komt? Volgens mij ligt er namelijk geen blokkade om dit debat volgende week te voeren."
VVD,"Mevrouw Michon-Derkzen (VVD): ""You wish"", wil ik bijna zeggen, maar dat doet hij dus niet. Het kabinet moet nu met de bonden in gesprek gaan. Dat willen we allemaal. Dat hadden ze al moeten doen. Gelukkig gaan ze dat nu doen. Dat moet gebeuren. Dáár moet het gesprek plaatsvinden. Ik heb daar ook alle vertrouwen in. Het kabinet moet dat met elkaar oplossen. Wij moeten dat eventjes met rust laten. Ik hecht dus niet aan politieke ophitserij …"
GroenLinks-PvdA,"De heer Klaver (GroenLinks-PvdA): Dit is echt een groot punt. Dit kabinet is een minderheidskabinet. Het rijdt met 180 kilometer per uur tegen een muur aan. Wij proberen hier ons best te doen om dit land vooruit te helpen. De bonden stellen een ultimatum. Dat gebeurt bijna nooit. Wat er gebeurt, is uniek. Een groot deel van deze Kamer vraagt om een debat voor het verstrijken van die deadline, en hier wordt met de arrogantie van de macht van 66 zetels gezegd: dat gaan we niet doen. Ik wil hier dan een hoofdelijke stemming over. Voor een stemming hoeven we helemaal geen meerderheid te hebben."
Lid Keijzer,"Mevrouw Keijzer (Lid Keijzer): Of de heer Klaver Nederland vooruithelpt, daarover kunnen we van mening verschillen. Dat doe ik ook. Ik ben het wel met hem eens dat dit een buitengewoon belangrijk onderwerp is. Dit gaat over de toekomst van de sociale zekerheid in Nederland. Het kabinet, met 66 zetels, rijdt echt tegen een muur aan, want het heeft geen meerderheid. Daar moeten we het met elkaar over hebben. Het bestaat dus niet dat we daar niet conform het verzoek een debat over hebben, en een beetje snel. Als er hoofdelijk gestemd moet worden, dan is dat maar zo."
GroenLinks-PvdA,"De heer Klaver (GroenLinks-PvdA): Dat is prima. Ik kijk nog een keer naar de coalitiepartijen. Ik hoop dat het niet zover hoeft te komen. Zoek nou niet de confrontatie op met de rest van de Kamer en met de vakbonden. Zorg ervoor dat we dit debat inplannen. Als ze hierin persisteren, gaan we inderdaad over drie uur hoofdelijk stemmen."
VVD,"Mevrouw Michon-Derkzen (VVD): Voorzitter, ik heb ook een punt van orde, maar ik kijk u aan, want u bent de hoeder van de orde. Nu wij met elkaar op dinsdag stemmen, en dat net hebben gedaan, om 15.00 uur, met aansluitend de regeling, is iedereen in huis. Wat mij betreft kunnen we dus ook gewoon nu hoofdelijk stemmen. Ik heb niet eerder meegemaakt dat we in de regeling van werkzaamheden hoofdelijk stemmen, maar wat mij betreft kunnen we dat nu gelijk doen."
SP,"Mevrouw Dobbe (SP): Dank u wel, voorzitter. Het huidige stelsel ondersteunt de groep mensen met ernstige psychische aandoeningen onvoldoende. Dat is wat de Onderzoeksraad voor Veiligheid concludeert in het rapport Kunnen doen wat nodig is. In Nederland hebben ongeveer 250.000 mensen — ik herhaal: 250.000 mensen! — terugkerende psychische klachten die kunnen zorgen voor veiligheidsrisico's voor zichzelf, maar ook voor hun omgeving. Als zij niet genoeg hulp en ondersteuning krijgen, is dat een probleem voor zichzelf en voor de hele samenleving. Daarom zouden wij een debat willen over dit rapport met de minister van VWS, de minister van Langdurige Zorg en de minister van BZK."
SP,"Mevrouw Dobbe (SP): Ja, een tweede verzoek. De giftige manosfeer wint terrein in de samenleving en dus ook op onze scholen. Vandaag zagen we het bericht dat 78% van de leraren ziet dat leerlingen erdoor worden beïnvloed via online content. Er worden denkbeelden verspreid zoals dat vrouwen minderwaardig zouden zijn, dat als een vrouw geslagen wordt, ze het wel verdiend zou hebben, dat homo's zwak zijn en dat mannen op-en-top gespierd zouden moeten zijn. Er is veel desinformatie die online op jongeren afkomt, verspreid door influencers. De meeste bekende daarvan zal Andrew Tate zijn. Scholieren voelen zich er onveiliger door. De autoriteit van vrouwelijke leraren of vrouwen in andere gezaghebbende beroepen, wordt aangetast. We zien in onze samenleving het probleem van huiselijk geweld en femicide, wat hierdoor ook wordt beïnvloed. Dat mogen we niet laten gebeuren. Daarom willen wij een debat aanvragen over de invloed van de manosfeer op jongeren, met de staatssecretaris van OCW, die ook over emancipatie gaat, en de minister van JenV."
Volt,"De heer Dassen (Volt): Dank, voorzitter. De AIVD is met een rapport gekomen waarin de dienst schrijft dat sinds 80 jaar de dreiging voor Nederland niet zo groot was. Denk aan de dreiging vanuit Rusland en de dreiging vanuit China. Het lijkt mij goed dat we daar als Kamer een debat over voeren. Graag vraag ik een debat aan met de minister van Justitie en Veiligheid en de minister van Binnenlandse Zaken."
Volt,"De heer Dassen (Volt): Mijn volgende verzoek gaat over een debat met de minister van Justitie en Veiligheid naar aanleiding van een artikel van Follow the Money waarin staat dat de minister zweeg over een contract tussen de overheid en Palantir, een AI-bedrijf dat, op zijn zachtst gezegd, bedenkelijke bedoelingen heeft. Aangezien de Kamer hierover verkeerd geïnformeerd is, lijkt het mij zeer belangrijk dat wij hier het debat met elkaar over voeren."
Volt,"De heer Dassen (Volt): Betreurenswaardig, bedoelde ik. Voorzitter, ik kom bij mijn laatste verzoek. Dat gaat over een debat met de minister van Klimaat en Groene Groei over het feit dat Nederland nauwelijks voorbereid is op mogelijke extreme klimaatkantelpunten. Dit gaat over de Atlantische Golfstroom. Er zijn zorgwekkende signalen over wat er gebeurt als die stilvalt. Die gaan over voedselveiligheid en droogte in Nederland en de rest van Europa. Nederland is hier onvoldoende op voorbereid. Het lijkt me goed dat we daar een debat over gaan voeren."
Groep Markuszower,"Mevrouw Lammers (Groep Markuszower): Dank u wel, voorzitter. De enorm dappere Karen uit Loosdrecht luidde afgelopen week in De Telegraaf de noodklok over asielopvang. Voor het eerst in haar leven deed ze mee aan een demonstratie, omdat ze oprechte en terechte zorgen heeft over de dramatische gevolgen van massamigratie. We staan in Nederland op een kantelpunt. Enorm veel vrouwen en gezinnen delen haar zorgen en herkennen zich in haar verhaal. Daarom wil ik graag een debat met de minister van Asiel en Migratie over de gevolgen van massamigratie voor gewone Nederlanders, die misschien juist wel ongewoon dapper zijn, zoals Karen."
JA21,"De heer Ceulemans (JA21): Dat klopt. Er is morgen een commissiedebat en er staat ook al een plenair asieldebat gepland. Tegelijkertijd is het wel heel belangrijk om het erover te hebben, dus wat mij betreft gewoon steun voor dit onderwerp. Volgens mij is het dan het snelste om dit te betrekken bij het plenaire debat dat gepland staat."
BBB,"Mevrouw Van der Plas (BBB): Goed. Ik kan alle drie de verzoeken na elkaar doen nadat ik hoor of ze wel of niet akkoord zijn, toch? Ja. Ik sta hier om een debat over de wolf aan te vragen. Dat lijkt mij vrij zinvol dit keer, omdat de staatssecretaris afgelopen week, of twee weken geleden, met een pakket aan maatregelen is gekomen. Het lijkt mij goed om dat hier in de plenaire zaal te bespreken. Ik verwacht namelijk dat, omdat er in het commissiedebat Natuur zo veel andere onderwerpen op de agenda staan, dit onderwerp daarin niet de aandacht zal krijgen die het hier, met een apart meerderheidsdebat, wel zou krijgen. Vandaar mijn verzoek."
BBB,"Mevrouw Van der Plas (BBB): Mijn tweede verzoek. Ik heb hier al vaker aandacht aan gegeven en oproepen toe gedaan. Ik heb het ook al in debatten genoemd: Nederland kampt met een ernstige gezags- en gedragscrisis. We hebben dat bijvoorbeeld gezien bij de rellen in Scheveningen en bij het bekladden van het Monument op de Dam; dat was nota bene op 4 mei, de dag van Dodenherdenking. Ik wil opnieuw een poging wagen om eens een keer een debat te gaan voeren over deze gedrags- en gezagscrisis, met de minister-president en met de minister van Justitie en Veiligheid."
BBB,"Mevrouw Van der Plas (BBB): Nee, dat constateer ik ook. Dan heb ik nog een verzoek. Dat is eigenlijk vrij simpel. Het tweeminutendebat Inzet internationale kindontvoering India wil ik graag deze week laten inplannen, inclusief stemmingen. Waarom? Omdat de president van India een bezoek brengt aan Nederland en ook omdat er net een schriftelijk overleg is geweest over de zeer gewelddadige ontvoering van het meisje Insiya, dat al tien jaar bij haar vader in India verblijft. Zij is een Nederlands staatsburger. Onze mening is dat dat meisje gewoon terug naar Nederland moet. Naar aanleiding van het schriftelijke overleg zou het dus goed zijn als er deze week een tweeminutendebat over komt, inclusief stemmingen, vanwege de urgentie van het bezoek van de minister-president."
Groep Markuszower,"Mevrouw Moinat (Groep Markuszower): Dank, voorzitter. Nederland stevent af op een situatie waarin steeds meer mensen langdurig uitvallen door psychische klachten. Volgens recente berichtgeving legt dit de arbeidsmarkt steeds verder lam en kost het ons land miljarden per jaar. Tegelijkertijd worden werkgevers opgezadeld met een enorme last, omdat ze bij ziekte verplicht zijn om twee jaar loon door te betalen. Ik wil daarom graag een debat met de minister over de explosieve stijging van psychische klachten, over de gevolgen daarvan voor de arbeidsmarkt en over de vraag of het nog houdbaar en eerlijk is dat werkgevers twee jaar loon moeten doorbetalen bij ziekte."
CDA,Mevrouw Van Ark (CDA): Dit onderwerp is heel belangrijk. We hebben het in de afgelopen debatten veel besproken. Er is ook een onderzoek aangekondigd. We willen graag eerst dat onderzoek afwachten. In de tussentijd kan dit onderwerp ook prima in andere debatten besproken worden. Dus geen steun voor een apart debat.
DENK,"De heer Van Baarle (DENK): Dank, voorzitter. Mijn eerste verzoek gaat over de behandeling van de Oeigoeren door de Chinese overheid. We weten dat de Oeigoeren in China al heel erg lang gevangengezet worden in kampen. Onlangs bleek dat de handel met wat de Chinese overheid ""Xinjiang"" noemt — de Oeigoeren noemen het ""Oost-Turkestan"" — is toegenomen en dat de maatregelen die genomen zouden moeten zijn om producten die gemaakt worden met dwangarbeid van Oeigoeren tegen te houden, nog niet genomen zijn. Ik denk dat het goed is om over de behandeling van de Oeigoeren — vanuit een mensenrechtenoogpunt zijn dat echt verschrikkingen — te spreken als Kamer. Dat doe ik graag met de minister van Buitenlandse Zaken. Ik denk dat het verstandig is dat we daar ook de minister van Buitenlandse Handel en Ontwikkelingshulp bij vragen."
DENK,"De heer Van Baarle (DENK): Dat is teleurstellend. Dan ga ik naar mijn volgende verzoek. Dat gaat over de Flotilla en de dappere mensen die proberen om de illegale blokkade van Gaza te doorbreken en de mensen in Gaza te helpen. In strijd met het internationaal recht heeft het Israëlische bezettingsleger de Flotilla geënterd, mensen ontvoerd en mensen behandeld op een manier die heeft geleid tot verwondingen. Het gaat ook om Nederlandse staatsburgers. Op dit moment zijn er ook nog mensen opvarend. Families komen deze week naar de Kamer. Ik zou hierover graag zo snel mogelijk een debat willen met de minister van Buitenlandse Zaken, zodat Nederland meer gaat doen om zich in te zetten voor de handhaving van het internationaal recht en de bescherming van opvarenden."
PVV,"De heer Edgar Mulder (PVV): Voorzitter. Er is opnieuw fraude geconstateerd bij inburgeringsexamens. Wie fraudeert met inburgering, fraudeert feitelijk met de toegang tot Nederland. Dat is volstrekt onacceptabel. Daarom wil de PVV een debat met de minister van Werk en Participatie over de omvang van de fraude en vooral over keiharde maatregelen tegen die fraudeurs."
Groep Markuszower,"Mevrouw Ten Hove (Groep Markuszower): Voorzitter, dank. Kunstmest wordt steeds duurder, doordat er veel energie nodig is voor de productie ervan. Hiervoor worden onder andere gas en olie gebruikt, die met de huidige geopolitieke spanningen een stuk duurder worden. Hogere prijzen van kunstmest zullen worden doorberekend in de boodschappen, die veel mensen nu al niet meer kunnen betalen. En dan te bedenken dat onze boeren vruchtbare dierlijke mest tegen hoge kosten moeten afvoeren. We moeten de boeren, die voor onze voedselzekerheid zorgen, niet zo tarten, maar helpen. Daarom wil ik een debat met de minister van LVVN."
BBB,"Mevrouw Van der Plas (BBB): Voorzitter. Het zijn niet alleen de hoge prijzen, al spelen die zeker mee. Het is gewoon bizar dat we goede dierlijke mest hebben, die gewoon gebruikt kan worden, die gewoon goed is voor de bodem, die sowieso al aan strenge regels is gebonden, maar dat boeren die niet mogen gebruiken en vervolgens kunstmest moeten importeren. Dat is echt totale waanzin, dus steun voor dit debat."
D66,"Mevrouw Podt (D66): Voorzitter. Ik denk dat dit op zich een heel goed debat is om met elkaar te voeren. Ik heb even op de lijst gekeken die we vandaag hebben. Volgens mij staan er iets van 200 debatten op. Er staan binnenkort ook echt veel landbouwdebatten gepland, onder meer een debat over stikstof en mest in juni. Volgens mij kan het daar gewoon veel sneller en veel beter."
SP,"De heer Jimmy Dijk (SP): Dank u wel, voorzitter. Tijdens het voorjaarsdebat heb ik, met name met D66 en het CDA, kort een debatje gevoerd over de gevolgen voor mensen die hun ziektekosten nu mogen aftrekken. Als dat afgeschaft wordt, betekent dat dat het verzamelinkomen van mensen bij de belastingaangifte omhooggaat. Dat betekent dat ze gekort worden op hun huurtoeslag en hun zorgtoeslag. Ik denk dat mensen op die manier echt drie, vier, vijf keer dubbel worden geraakt. Ik heb daarbij nog niet eens de lokale inkomensvoorziening en ondersteuning meegerekend. Het gaat echt over bedragen van €600 à €700 die mensen op hun huur- en zorgtoeslag gekort kunnen worden, naast de ziektekostenaftrek die ze dan niet meer kunnen doen. Ik zou daar graag iets meer tijd aan willen besteden dan hier en daar in een commissiedebatje of tijdens zo'n voorjaarsdebat. Ik merkte dat D66 en het CDA er tijdens het voorjaarsdebat ook wel voor openstonden om daarnaar te kijken. Ik zou graag steun willen van deze Kamer om dit belangrijke punt, dat een beetje onderbelicht is en ondergesneeuwd wordt, te bespreken, zodat mensen die extra ziektekosten maken niet driedubbel worden getroffen."
SP,"De heer Jimmy Dijk (SP): Hier kan ik echt heel kort over zijn, voorzitter. De ongelijkheid groeit. De rijken worden rijker en de armen worden armer. De 0,01% allerrijkste Nederlanders is er in de afgelopen tien jaar 70% op vooruit gegaan. De 90% hardwerkende Nederlanders wordt harder belast dan de 0,01% allerrijkste Nederlanders. Daar wil ik graag een debat over hebben. Het CPB heeft ook aangegeven dat de overheid moet ingrijpen. Dat lijkt me een helder signaal."
SP,"De heer Jimmy Dijk (SP): Het is toch opvallend dat er voor het grootste taboe, het belasten van de rijken, constant geen steun voor een debataanvraag komt van al die partijen die constant aangeven dat ze het zo belangrijk vinden dat hardwerkende Nederlanders erop vooruitgaan. Voorzitter. Mijn derde debataanvraag gaat over zogenaamde ""overwinsten"". Ik vind het een onterm, want het zijn gewoon hele dikke winsten. Ze profiteren van een crisis: Shell doet dat en we zien dat raffinaderijen hier in Nederland dat ook doen; ACM heeft daar gister over bericht. Ik vind dat dat een apart debat waard is, omdat ik vind dat deze Kamer zich moet uitspreken voor het extra belasten van diegenen die extra profiteren van een crisis. De hardwerkende Nederlanders die netjes hun belasting betalen, een stuk meer dan die 0,01% allerrijkste Nederlanders, horen erop vooruit te gaan. Daarom vind ik dat we die winsten van de rijke, grote bedrijven die nu van een crisis profiteren, moeten gaan belasten."
GroenLinks-PvdA,"De heer Stultiens (GroenLinks-PvdA): Ik steun dit verzoek. Ik heb één kleine aanvulling. We hebben voor het reces een motie ingediend met de vraag om het juridisch voor te bereiden. Die is aangenomen. Ik zou graag horen hoe het ervoor staat. We weten nu inderdaad dat die overwinsten zijn gemaakt, dus het is de hoogste tijd voor die belasting."
PVV,"Mevrouw Vondeling (PVV): Dank u wel, voorzitter. Ik heb drie verzoeken, dus ik zal het kort houden. Het kabinet laat een terreurorganisatie gewoon haar gang gaan in Nederland. Uit het jaarverslag van de AIVD blijkt namelijk dat terreurorganisatie Hamas betrokken is bij anti-Israël- en pro-Palestinademonstraties in Nederland. Ik wil daarom een debat met de minister van Justitie en Veiligheid en de minister van Asiel en Migratie."
BBB,"Mevrouw Van der Plas (BBB): Ook steun voor dit debat. Dit debat kan natuurlijk met de minister van Justitie en Veiligheid en de minister van Asiel en Migratie, maar het kan ook met de minister van Binnenlandse Zaken. Ik zou dus in die brief ook graag een reflectie van de minister van Binnenlandse Zaken willen op de demonstraties die hier worden gehouden en waar het Hamasnetwerk invloed op lijkt te hebben. Dus als die brief ook namens de minister van Binnenlandse Zaken gestuurd kan worden, dan zou dat mooi zijn."
PVV,"Mevrouw Vondeling (PVV): Oké. Dan kom ik bij mijn volgende verzoek. Tientallen ongewenste vreemdelingen zitten al jarenlang in Nederlandse tbs-klinieken en kosten de Nederlandse belastingbetaler jaarlijks miljoenen euro's. Deze ongewenste vreemdelingen horen niet in een luxe tbs-kliniek, maar in een vliegtuig terug naar hun land van herkomst. Daarom wil ik een debat met de minister van Asiel en Migratie en de staatssecretaris van Justitie en Veiligheid."
PVV,"Mevrouw Vondeling (PVV): Dan mijn laatste verzoek. Nederland krijgt binnen de EU het hoogste aantal asielaanvragen van Palestijnen. Palestijnse asielzoekers komen massaal naar Nederland. De meesten hebben al een Griekse verblijfsvergunning. De minister faalt aan alle kanten. Hij heeft geen verklaring voor de massale komst van Griekse Palestijnen, terwijl duidelijk is dat ze natuurlijk naar Nederland komen vanwege de gratis huizen, gratis uitkering, gratis zorg en noem maar op. De PVV wil dat ze direct worden teruggestuurd naar Griekenland. Ik wil daarom een debat met de minister van Asiel en Migratie."
BBB,"Mevrouw Van der Plas (BBB): Ja, ik vind dit onderwerp wel groot genoeg om dit debat te steunen. Ik zou ook een brief willen van het kabinet, met een reflectie op de woorden van de minister van Asiel en Migratie. Die zegt eigenlijk: ja, ik heb eigenlijk geen idee; ik heb hier geen verklaring voor. Volgens mij is het vrij duidelijk waarom die mensen hiernaartoe komen. Ik wil dus graag een brief van het kabinet waarin uiteengezet wordt welke redenen er zijn of kunnen zijn voor deze mensen om hiernaartoe te komen."
GroenLinks-PvdA,"Mevrouw Westerveld (GroenLinks-PvdA): Voorzitter. Als je een land platbombardeert en mensen geen plek geeft om te leven — genocide, hongersnood, kinderen die gemarteld worden — wat zou er dan voor reden zijn om te vluchten? Ik vind dat we hier echt moeten uitkijken met hoe we over mensen praten. Dit gaat over mensen die vluchten voor oorlog en geweld."
GroenLinks-PvdA,"Mevrouw Van Oosterhout (GroenLinks-PvdA): Dank u wel, voorzitter. Twee weken geleden is in Colombia geschiedenis geschreven. Er was namelijk voor het eerst een internationale conferentie, met bijna 60 landen, over het uitfaseren van fossiele brandstoffen. Dat is natuurlijk de kern van de klimaatcrisis. Nederland is tot het eind van het jaar samen met Colombia voorzitter van dit gezelschap. Daarom is het heel belangrijk om op korte termijn een debat met elkaar te voeren over de uitkomsten van deze conferentie en wat Nederland hier verder mee gaat doen. Daarom zou ik graag een debat willen met de minister van Klimaat en Groene Groei over de uitkomsten van deze conferentie."
Groep Markuszower,"De heer Heutink (Groep Markuszower): Voorzitter. Volgens mij was mevrouw Van Oosterhout zelf ook in Colombia. Ik neem aan dat ze daar niet per boot naartoe is gegaan, maar per vliegtuig. De enige uitkomst van die klimaatconferentie is dan toch echt dat de GroenLinks-Partij van de Arbeidfractie, die zegt dat ze minder wil vliegen, een beetje hypocriet is. Geen steun."
PvdD,"Mevrouw Teunissen (PvdD): Dank u, voorzitter. Zoals we allemaal weten, heeft de klimaatcrisis enorme gevolgen voor ecosystemen, volksgezondheid en onze leefomgeving. Het Europese rapport De Europese Staat van het Klimaat 2025 concludeert dat klimaatverandering nog sneller gaat dan we hadden verwacht, met snel stijgende temperaturen en wijdverbreide natuurbranden, en dat dit niet iets is van de toekomst, maar dat dit nu gebeurt. We zien ook dat Europa, inclusief Nederland, hier onvoldoende op is voorbereid. Daarom vraag ik een debat aan met de minister van Klimaat en Groene Groei, in te plannen voor het zomerreces, over de vraag hoe het kabinet deze tekortkomingen gaat adresseren."
PvdD,"Mevrouw Teunissen (PvdD): Die gaat over de branden in de natuurgebieden. Afgelopen week werd ons land opgeschrikt door grote natuurbranden, ontstaan op militaire oefenterreinen. Gelukkig was onze brandweer er. Dus heel veel dank voor het optreden van de brandweer. Maar terwijl alle Nederlanders geen lucifer meer mogen aansteken bij een risico op brand, moet het niet zo zijn dat Defensie op hetzelfde moment doorgaat met oefeningen in de natuur. Ook Defensie moet opereren binnen de regels en afspraken die we in Nederland hebben gemaakt. Protocollen mogen niet tekortschieten en toch leiden tot megabranden. Het gaat om de veiligheid en de gezondheid van Nederlanders, de dieren, de natuur en ook de kosten die we moeten maken om de branden te blussen en alles te herstellen, voor zover dat nog mogelijk is. Daarom wil de Partij voor de Dieren graag een debat met de minister van Veiligheid, de minister van Natuur en de staatssecretaris van Defensie over de natuurbranden die zijn ontstaan op militaire oefenterreinen."
JA21,"De heer Ceulemans (JA21): Voorzitter, dank u wel. Uit de jaarcijfers van de politie bleek onlangs dat agenten vaker te maken krijgen met geweld en dat het geweld ook steeds heftiger wordt. Bij de jaarwisseling waren er meer dan dubbel zo veel meldingen in vergelijking met het jaar daarvoor. De korpsleiding spreekt dan ook van een structureel probleem en pleit voor maatregelen om dat tegen te gaan. We moeten voorkomen dat het dit jaar nog erger wordt dan vorig jaar, dus ik wil daarover graag een debat met de minister van Justitie en Veiligheid."
GroenLinks-PvdA,"Mevrouw Patijn (GroenLinks-PvdA): Dank, voorzitter. Het kabinet wil de uitkeringen voor arbeidsongeschikte werknemers met 20% verlagen, maar het aantal mensen dat daarmee in de WIA terecht zal komen zal daarmee niet dalen. Wel zal het aantal mensen dat in armoede terechtkomt stijgen. Het echte probleem zit 'm in het gebrek aan preventie. De echte oplossing zit dan ook in het ontwikkelen van een langetermijnvisie over hoe we kunnen komen tot preventief beleid om te voorkomen dat mensen instromen. Ik wil graag een debat met de minister van Sociale Zaken over hoe deze preventie vormgegeven kan worden."
SP,"De heer Jimmy Dijk (SP): Voorzitter. Laten we het over oplossingen hebben, zodat we ervoor kunnen zorgen dat mensen niet arbeidsongeschikt raken en dat mensen die arbeidsongeschikt zijn een passende werkplek kunnen krijgen als ze dat willen en kunnen. Het lijkt me heel goed om daar een uitgebreid debat over te gaan voeren voor de mensen om wie het gaat in plaats van dat we het steeds doorverwijzen naar kleine commissiedebatjes waar iedereen er twee zinnen over zegt en waar nooit echt een plan uit voortvloeit. Dus steun."
Groep Markuszower,"De heer Claassen (Groep Markuszower): Voorzitter. Geen kreunende en steunende bouwvakkers die slepen met stenen om te bouwen, wat hard nodig is in dit land, maar kreunende en steunende Nederlanders die graag een huis willen, maar er wordt niet gebouwd door allerlei rare regels waar we bijna geen grip op hebben. In minstens 40 gemeentes loopt de bouw van tienduizenden woningen vertraging op door een 50 meter-bufferzone die niet eens in de wet is vastgelegd, maar die voortvloeit uit eerdere rechtszaken. Zelfs rondom weilanden zonder bestrijdingsmiddelen wordt deze regel ingezet om de woningbouw te blokkeren. Het kabinet heeft dit, ondanks jaren van knelpunten, nog steeds niet heeft opgelost. Ik wil daarom graag een debat met de minister van Volkshuisvesting en Ruimtelijke Ordening en de minister van Landbouw, Visserij, Voedselzekerheid en Natuur om dit eens aan te pakken en eindelijk te kunnen gaan bouwen."
DENK,"De heer El Abassi (DENK): Voorzitter. Ik gaf al aan dat je met je tengels van onze politiemensen af moet blijven. Je blijft ook af van onze raadsleden, onze volksvertegenwoordigers, net als van onze burgemeesters. Daar blijf je van af. Keer op keer heb ik hier een debat aangevraagd om te voorkomen dat het nog een keer gebeurt. En keer op keer gebeurt het toch. Weer worden raadsleden aangevallen. Weer worden burgemeesters aangevallen. Vandaag heb ik daar mondelinge vragen over gesteld."
DENK,De heer El Abassi (DENK): Ik heb gezien dat we niet verder kwamen. Ik zie het zo gebeuren dat bij de eerstvolgende demonstratie weer onze bewindslieden worden aangevallen. Daarom vraag ik nu weer een debat aan met de minister van Justitie en Veiligheid. Daarbij wil ik aantekenen dat ik weet dat ik een dertigledendebat heb staan. Dit heb ik net voor de tweede keer verlengd. Dit komt mogelijk weer te vervallen. Ik wil het eigenlijk omzetten naar een meerderheidsdebat. Wat mij betreft kan dat dertigledendebat dan komen te vervallen. Ik weet zeker — dat is mijn gevoel — dat ik steun ga krijgen vanuit de Kamer vandaag.
BBB,"Mevrouw Van der Plas (BBB): Voorzitter. Er wordt nog een tweeminutendebat ingepland over de Spreidingswet. Morgen is er een commissiedebat Asiel- en vreemdelingenbeleid. Als je het hierover wilt hebben, is dat wel echt de snelste manier. Dat is de plek om het te doen. Maar ik wil er wel bij gezegd hebben dat de burgers die protesteren eigenlijk worden ondergesneeuwd door dit soort vernielingen en rellen. We moeten er wel alert op blijven dat er heel veel grote zorgen zijn bij burgers over de komst van azc's. Maar vernielingen en geweld mogen natuurlijk nooit."
JA21,"De heer Boomsma (JA21): Als de Kamer instemt met mijn tweede verzoek, kan ik het eerste meteen intrekken. Mijn tweede verzoek betreft namelijk het volgende. De bijeenkomst van de Raad van Europa in Moldavië gaat over een politieke verklaring die wordt opgesteld over de interpretatie van het Europese Hof voor de Rechten van de Mens door het Hof in Straatsburg. Dit is een uitwerking van de open brief van politici uit negen landen, waaronder Bart De Wever, die hebben gezegd: wij moeten als politici meer ruimte krijgen om op te treden en het EVRM verhindert het ons op dit moment om effectief migratiebeleid te kunnen voeren. In december hebben 27 landen zich daarbij aangesloten. Daar wordt vrijdag over gesproken. Dit is zulke belangrijke, cruciale maar ook wel complexe materie, dat ik denk dat een tweeminutendebat gewoon niet genoeg is om hierover te kunnen spreken. Ik denk dat we ook echt goed moeten kunnen debatteren met elkaar over de moties. Daarom het verzoek om dit tweeminutendebat meteen om te zetten in een plenair debat."
VVD,"De heer Ellian (VVD): Inhoudelijk begrijp ik alles wat de heer Boomsma zegt. Morgen een tweeminutendebat inclusief stemmingen: vanzelfsprekend. Maar laten we het daarbij houden. Een andere keer een plenair debat, als er een nieuw verzoek komt, wil ik graag overwegen, maar daar geef ik nu dus geen steun voor."
BBB,"De heer Vermeer (BBB): Steun, maar ik zie niet helemaal in hoe we dat in de agenda geperst krijgen. Het debat over de voorgenomen fusie tussen Hilversum en Wijdemeren kan absoluut niet later, in verband met alle deadlines die daar weer aan vastzitten. Het zou wel later op de avond kunnen, maar dan gaan we door tot diep in de nacht."
Groep Markuszower,"De heer Heutink (Groep Markuszower): Voorzitter. Geweldig nieuws: de klimaathysterie is eindelijk voorbij. Althans, dat zouden we hopen. Al jarenlang baseert de overheid het klimaatbeleid op basis van het door IPCC opgestelde horrorscenario. Dat horrorscenario is nu van tafel. Maar Nederland gaat gewoon dom door. Er verdwijnen miljarden in klimaatfondsen en de Nederlandse industrie wordt kapotgemaakt vanwege veel te strenge CO2-regels. We moeten dus af van dat verschrikkelijke en verstikkende klimaatbeleid. Daarom verzoek ik om een debat met de minister van Klimaat en Groene Groei."
PvdD,"Mevrouw Teunissen (PvdD): Voorzitter. We moeten in dit huis rapporten wel goed lezen. Er staat dat ook het lichtste scenario afvalt. Er staat ook dat de wereld nog steeds afkoerst op meer dan 1,5 graad. Het is mede dankzij klimaatbeleid dat het meest extreme scenario is weggevallen. Ik steun het verzoek wel, maar ik heb dus een hele andere lezing van het rapport dan de heer Heutink. Ik wil graag een debat over hoe we nou effectief klimaatbeleid hebben, zodat we nog meer scenario's kunnen afschrijven."
Groep Markuszower,"De heer Heutink (Groep Markuszower): Voorzitter. Bij meerderheid zegt deze Kamer: hou DigiD in Nederland. Wat gebeurt er ondertussen? Het kabinet verlengt het contract met DigiD, met als resultaat dat er bijna geen kans meer is om DigiD in Nederland te houden. Dankzij een dappere CPO van Logius zijn de risico's duidelijker naar voren gebracht dan ooit. We moeten het niet willen dat de Amerikaanse overheid de toegang tot onze overheidssystemen kan stilleggen. We moeten ook niet willen dat een ambtenaar die goud waard is voor Nederland, verloren gaat voor de overheidsdienst. Die zou wat ons betreft een lintje moeten krijgen. Voorzitter. Als we nu beginnen met aanbesteden, kunnen we nog op tijd zijn om deze rampzalige gebeurtenis tegen te houden. Daarom wil ik, het liefst uiterlijk volgende week, een debat over DigiD houden met de staatssecretaris van Binnenlandse Zaken en de staatssecretaris van Economische Zaken."
GroenLinks-PvdA,"Mevrouw Kathmann (GroenLinks-PvdA): Ik hamer al weken op een debat over DigiD. We hebben namelijk geen tijd te verliezen. Gezien de moties die zijn aangenomen in de Kamer, is het niet de vraag of we DigiD in Nederlandse handen kúnnen brengen, maar hoe we dat doen en wanneer. We hebben geen tijd te verliezen. Van harte steun."
SP,"Mevrouw Beckerman (SP): Ik feliciteer mevrouw Kathmann. De steun is niet alleen vanwege haar verjaardag, maar ook vanwege de inhoud. De Kamer is namelijk al heel erg duidelijk geweest: we willen DigiD in Nederlandse handen houden. De lijn is alleen nog steeds heel erg diffuus. Het dreigt te verdwijnen. Daarom heel veel steun voor dit noodzakelijke debat op zeer korte termijn."
D66,"Mevrouw Podt (D66): Felicitaties aan mevrouw Kathmann. Wij willen hier graag een keer over debatteren, maar we wachten wel eventjes op de BTI-toets die er nog aan komt. Dat geeft ons ook iets meer ruimte. Ik begin zo langzamerhand te hopen dat volgende week 33 dagen heeft, want we krijgen het volgens mij allemaal niet ingepland."
CDA,Mevrouw Zwinkels (CDA): Ook wij wachten eerst graag de BTI-toets af. Anders krijgen we gewoon een herhaling van zetten van het vorige plenaire debat. Daarin hebben we wel degelijk met elkaar een aantal hele belangrijke moties ingediend om het kabinet hiervoor aan het werk te zetten. We wachten dat graag eerst af voordat we hier wéér een debat met elkaar aangaan.
FVD,"Mevrouw De Vos (FVD): Dank, voorzitter. De afgelopen weken hebben we een groeiende weerstand in de samenleving kunnen zien tegen de Spreidingswet. Dat zien we in Loosdrecht, Apeldoorn en Tilburg en als we niet oppassen straks in heel Nederland, als het beleid niet verandert. Ik heb de afgelopen weken vele gezinnen, jonge meisjes, vrouwen, ouders, grootouders, gewone Nederlanders gesproken die zich grote zorgen maken over de azc's die bij hen in de achtertuin worden geplant. Daarom zou ik graag een debat willen aanvragen met de minister van Asiel en Migratie over de groeiende weerstand in de samenleving tegen de Spreidingswet. Ik weet dat er morgen een commissiedebat op de planning staat, maar ik vind dit onderwerp te groot. Ik zou daar graag aan toe willen voegen dat er ook een groot asieldebat op de planning staat, dat nog niet is ingepland. Ik kan me ook voorstellen dat we die debatten samenvoegen, maar dan zou ik willen voorstellen om dat wel volgende week of de week daarop in te plannen."
VVD,"De heer Ellian (VVD): Er worden zo veel debatverzoeken ingediend met samenvoegingen, maar goed. We hebben hier twee weken geleden uitgebreid over gedebatteerd. Dat was wat mij betreft een goed debat. We hebben morgen ook een commissiedebat en er komt een plenair debat aan. Ondanks dat ik de zorgen deel, voor nu geen steun."
BBB,"Mevrouw Van der Plas (BBB): Voorzitter. Ik ga het debat steunen, maar met een kleine opmerking erbij. Als iedereen de agenda goed in de gaten houdt en kijkt van wat er al is geweest en wat er nog komt, dan kunnen we het aantal debatten misschien iets verkleinen. Ik heb begrepen dat er meer dan honderd debatten op de rol staan. Maar wel steun voor dit debat, want dit is echt iets wat Nederland heel erg bezighoudt."
Lid Keijzer,"Mevrouw Keijzer (Lid Keijzer): Dank, voorzitter. Drie dagen geleden verscheen er op de website van NieuwRechts een wat mij betreft verontrustend en goed onderbouwd artikel over mensensmokkel, waarin stond dat Ter Apel zo'n beetje het epicentrum daarvoor is. Er werd een telefoontje gevonden waar één nummer op terugkwam dat in tientallen lopende onderzoeken in vijf Europese landen werd teruggevonden. Er volgde een internationale operatie met 140 arrestaties verspreid over negen landen, die een netwerk met tienduizenden gesmokkelde mensen in beeld bracht. We hebben hier vandaag een flink aantal verzoeken gehad over het asielprobleem, maar ik zou twee dingen willen vragen. Ik wil een brief van de minister of de staatssecretaris van Justitie waarin ze ingaan op de verschillende feiten in dat artikel en of die kloppen. Ik hou mijn hart vast, want dan is het echt dweilen met de kraan open."
BBB,"Mevrouw Van der Plas (BBB): Ik wilde eigenlijk hetzelfde voorstellen. Als je de agenda's van de commissiedebatten bekijkt, zul je zien dat daar al debatten over zijn. Op 20 mei is er inderdaad een debat over mensensmokkel. Het onderwerp is superbelangrijk en het is ook heel zorgelijk, maar als we daar over een week al over kunnen debatteren, moeten we dat doen."
Groep Markuszower,"De heer Markuszower (Groep Markuszower): Voorzitter, dank u wel. Mevrouw Van der Plas heeft net ook al een debat aangevraagd over de gezagscrisis in Nederland. Als je als opa van 80 met je kleinkinderen ergens loopt en je wordt bijna omvergereden door een getinte jongeman op een fatbike, en je wordt als grootvader van 80 volledig lens geslagen door die getinte jongeman, denk ik dat we hier niet alleen een gezagscrisis hebben, maar veel meer dan dat. Ik wil daar graag over in debat, want het kan niet zo zijn dat grootvaders die met hun kleinkinderen ergens lopen, volledig in elkaar worden geslagen en dat een omstander die daarbij stond, ook nog eens door diezelfde dader in elkaar wordt geslagen. Geef die mensen alsjeblieft levenslang of gooi ze ons land uit, ik weet het niet, maar laten we er alsjeblieft over debatteren."
BBB,"Mevrouw Van der Plas (BBB): Voorzitter. Volgens de commissieagenda is er een commissiedebat Verkeersveiligheid op 21 mei. Je zou dit daarin kunnen inbrengen, omdat dit ook gaat over overlast, maar dit gaat nog verder dan dat, want ze slaan ook gewoon mensen in elkaar. Op 10 juni is er een commissiedebat Strafrechtelijke onderwerpen. Daarin zou je dit ook kunnen inbrengen. Én er komt volgens mij nog een tweeminutendebat Justitiële Jeugd. Er zijn dus drie momenten, heel kort op elkaar — dat wil ik benadrukken — waarop we dit verschrikkelijke onderwerp op tafel kunnen gooien, in plaats van dat we een jaar moeten wachten totdat dit debat een keer wordt ingepland."
Groep Markuszower,"De heer Markuszower (Groep Markuszower): Ik zal niet over het randje gaan, voorzitter, maar deze coalitie lijkt wel over het randje te gaan, namelijk over het randje van de hypotheekrenteaftrek. Daarom doe ik het volgende verzoek. De VVD had bij de verkiezingen rust in de portemonnee beloofd: handen af van de hypotheekrenteaftrek. Dat kennen we allemaal van de VVD. Toch lijkt dit punt op tafel te liggen. Voordat dit officieel op tafel ligt, wil ik graag een debat hierover met de minister, maar ook graag met de VVD-fractie, zodat de VVD hier eindelijk een keer klip-en-klaar kan zeggen dat ze de handen van de hypotheekrenteaftrek afhoudt."
GroenLinks-PvdA,"De heer Stultiens (GroenLinks-PvdA): Ik steun het debat. Er komt morgen een rapport uit. Het is goed om hierover te praten. Ik heb een aanvullend verzoek. We hebben zojuist als Kamer een motie aangenomen om de verruiming tegen te houden. Nu zegt de VVD via de pers: nee, de motie wordt toch niet uitgevoerd door staatssecretaris Eerenberg. Onacceptabel dat de VVD hier bepaalt hoe het kabinet reageert op onze motie."
GroenLinks-PvdA,"De heer Stultiens (GroenLinks-PvdA): Mijn verzoek is om voor Hemelvaart van het kabinet te horen hoe de motie wordt uitgevoerd, dat de verruiming van de hypotheekrenteaftrek niet doorgaat en dat partijen hier niet namens een D66-staatssecretaris kunnen bepalen hoe onze aangenomen motie wordt uitgevoerd."
Lid Keijzer,Mevrouw Keijzer (Lid Keijzer): Voorzitter. Ik vind het wel verstandig om geen greep te doen in de portemonnee van mensen met een motie die maar net een meerderheid krijgt. Van harte steun voor dit verzoek. De staatssecretaris en de minister kunnen dan komen uitleggen hoe ze met deze problematiek omgaan. Het gaat namelijk gewoon om huizen van mensen en hun portemonnee.
SP,"Mevrouw Beckerman (SP): Voorzitter. De parlementaire enquête over de gaswinning in Groningen trok snoeiharde conclusies. Het kabinet heeft daarna afgesproken jaarlijks verantwoording af te leggen in een zogenaamde ""Staat van Groningen"". Gisteren is die Staat van Groningen gepresenteerd. Het lijkt me goed om daarover, net als over de kabinetsreactie, die nog moet komen, een debat te houden met de minister van BZK. Voordat Kamerleden naar voren komen om te verwijzen naar het commissiedebat, wil ik nog het volgende zeggen. Ook de Kamer heeft een tik gehad van de enquêtecommissie. De Kamer heeft onvoldoende het verschil gemaakt. De agenda van het commissiedebat kent al vier pagina's aan stukken. Laten we daarom recht doen aan de zwaarte van dit rapport en hier, bij voorkeur jaarlijks, een plenair debat over houden."
SP,"Mevrouw Beckerman (SP): Ik vind dat pijnlijk. We hebben twee grote parlementaire enquêtes gehad, over het toeslagenschandaal en over Groningen, en daar moeten we volgens mij recht aan doen. Dat kan niet als we dat in een commissiedebat doen waarin al zo veel staat geagendeerd. Helaas. Ik agendeer het wel voor de lijst met dertigledendebatten."
PVV,"De heer Chris Jansen (PVV): Dank, voorzitter. Uit berichtgeving op Dwarsnieuws blijkt dat provincies in de afgelopen jaren boerenondernemers bewust in de problemen hebben gebracht. Dat heeft te maken met het feit dat zij natuurprojecten hebben opgestart in de omgeving van boerenbedrijven. Het gaat om boerenbedrijven die geen stikstofprobleem hadden, maar dat nu in één keer wel hebben. Daar worden ze mee geconfronteerd en het gevolg is dat die bedrijven gewoon worden opgedoekt. Ik denk dat het goed is om daar een gesprek over te hebben met de minister van Landbouw, Visserij, Voedselzekerheid en Natuur, en ook met elkaar. Is dit wat wij als betrouwbare overheid willen?"
PVV,"De heer Kops (PVV): De energierekening en autorijden zijn voor heel veel mensen onbetaalbaar geworden. 500.000 huishoudens leven in energiearmoede. Alsof dat allemaal nog niet erg genoeg is, is ook nog eens de Timmermanstaks in aantocht: een Europese CO2-heffing. Gas, benzine en diesel worden daardoor nog duurder dan ze nu al zijn. Huishoudens gaan tot €70 per maand, oftewel €840 per jaar, extra betalen. Dat is natuurlijk absurd. We moeten de Nederlanders behoeden voor deze klimaatgekte. Wij willen geen Timmermanstaks maar lagere lasten. Ik wil dus heel graag een debat met de minister van Klimaat en Groene Groei."
GroenLinks-PvdA,"De heer Mohandis (GroenLinks-PvdA): Voorzitter. Het langverwachte evaluatierapport over de aspirant-omroepen hebben wij gisteren mogen ontvangen. In de Mediawet is het zo geregeld dat de minister bevoegd is om een aspirant-omroep toe te laten en uiteindelijk de verantwoordelijkheid heeft om een aspirant-omroep een definitieve vergunning te geven of om op basis van onafhankelijk onderzoek te kijken of een omroep heeft voldaan. Wat blijkt? Er liggen heel veel gele kaarten voor Ongehoord Nederland, al sinds 2022. Ik kan door de bomen het bos niet meer zien. Die komen van onafhankelijke instituten die daarvoor zijn opgericht in ons bestel. Ongehoord Nederland mag zeker blijven bestaan. Maar als een omroep zich niet houdt aan de spelregels, kunnen ze ook buiten het bestel blijven bestaan. Het debat zou heel specifiek moeten gaan over de keuze die de minister voor de zomer moet maken om Ongehoord Nederland een permanente vergunning te geven of, nou ja, eruit. Daarover zou ik een debat willen met de minister van Onderwijs, Cultuur en Wetenschap, met voorafgaand een brief. Qua planning zeg ik even dat er nog geen commissiedebat is ingepland dit jaar."
BBB,"Mevrouw Van der Plas (BBB): Voorzitter. Het is altijd wel grappig dat je in Nederland een beetje wordt verketterd als je iets over de media zegt, behalve als het over sommige media gaat. Dan mag het ineens wel. Er wordt hier in de debataanvraag eigenlijk al een mening gegeven. We weten al hoe GroenLinks-PvdA erin staat, maar dat terzijde. Ik steun wel het debat. Dat is niet omdat ik het eens ben met de aanvrager, maar omdat we het er inderdaad eens goed over moeten hebben of dit allemaal wel gaat zoals het zou moeten gaan. Ik steun dus het debat."
VVD,"De heer Van der Maas (VVD): Eindelijk hebben we het rapport. In dat rapport gaat het over meer dan alleen Ongehoord Nederland. Ik zou graag eerst een brief willen hebben van de minister over het hele rapport en vervolgens een debat voeren over het hele rapport en haar reactie daarop. Dat kan ook in de commissie, dus geen steun."
GroenLinks-PvdA,"De heer De Hoop (GroenLinks-PvdA): Voorzitter. Een woning is voor gewone mensen onbetaalbaar geworden. Het was de belofte van dit nieuwe kabinet om dat op te lossen, met ook een nieuwe minister op Wonen. We waren allemaal ontzettend benieuwd naar haar plannen. Die zijn er nu, maar tot mijn verbazing kiest het rechtse minderheidskabinet ervoor om exact dezelfde maatregelen als die van het vorige kabinet, het PVV-kabinet, voort te zetten: het versoepelen van de Wet betaalbare huur. Dat zorgt ervoor dat gewone mensen veel meer huur moeten gaan betalen en dat pandjesbazen flink gaan profiteren. Mijn eerste vraag aan de minister is waar dit plan vandaan komt en bij welke partij dit in het verkiezingsprogramma stond."
GroenLinks-PvdA,"De heer De Hoop (GroenLinks-PvdA): Dank, voorzitter. Ik heb eerder aangevraagd om het commissiedebat Woningbouwopgave om te zetten naar een plenair debat. Dat debat stond eind mei gepland, maar het staat in de plenaire agenda niet in mei ingepland. Ik zou willen verzoeken om het debat wel in mei plenair met elkaar te voeren."
BBB,Mevrouw Van der Plas (BBB): Voorzitter. Ik noem even een paar dingen kort op. Er zijn veertien roedels wolven in Nederland. Er is een brandbrief geschreven door de Statenleden van de provincie Drenthe. Er is inmiddels een wolf gespot in Limburg. Een wolf heeft recent een schaapskudde aangevallen op het Balloërveld. Dankzij ingrijpen van de herder is erger voorkomen. Er waren zelfs mensen getuige van. Vorig jaar waren er 888 aanvallen op vee en dit aantal groeit elk jaar. Ik sta hier opnieuw om een debat aan te vragen over de wolf in Nederland. Het is totaal onhoudbaar. Ik hoop dat de Kamer dit inziet en mijn verzoek om een debat steunt.
BBB,"Mevrouw Van der Plas (BBB): Dat is jammer. Ik vraag juist om een plenair debat, omdat het in een commissiedebat bijna nooit aan de orde komt vanwege alle andere grote opgaven die we hebben. Dan zullen slechts een of twee partijen daar aandacht aan besteden. Dat is de reden waarom ik een plenair debat wil."
GroenLinks-PvdA,"De heer Klaver (GroenLinks-PvdA): Voorzitter, dank. Dit is een minderheidskabinet, met 66 zetels. Eerder werd al duidelijk dat plannen rondom de AOW niet kunnen rekenen op een meerderheid. Het is ook duidelijk geworden dat de plannen rondom de zorg en het eigen risico niet kunnen rekenen op een meerderheid. Vandaag is ook gebleken dat de asielplannen van dit kabinet niet kunnen rekenen op een meerderheid in de Staten-Generaal. Daarom wil ik graag een debat met de minister-president en de vicepremiers over de kabinetsbrede strategie voor hoe tot meerderheden te komen."
DENK,"De heer Ergin (DENK): Voorzitter, dank je wel. Aan de ene kant heeft het kabinet meer dan 600 zelfstandigen gevraagd om gedupeerde toeslagenouders te helpen, maar aan de andere kant sleutelde het kabinet ook aan de aanpak van schijnzelfstandigheid, waarbij het bijna onmogelijk werd om als schijnzelfstandige aan de slag te gaan. Deze groep van 600 kreeg de toezegging dat ze niet financieel op zouden moeten draaien voor de kosten die de naheffing met zich mee zou brengen. Die toezegging is niet nageleefd. Voorzitter. De Kamer heeft net twee moties aangenomen. Ik hoop dat de regering deze moties zo snel mogelijk gaat uitvoeren. Net als bij alle andere thema's van het toeslagenschandaal moeten we een vinger aan de pols houden. Daarom vraag ik een debat aan met de staatssecretaris Herstel Toeslagen."
GroenLinks-PvdA,"Mevrouw Westerveld (GroenLinks-PvdA): De Kamer heeft net drie moties aangenomen. Deze discussie is vorige week in het debat over schijnzelfstandigheid ook gevoerd. Ik wil ook eerst weten hoe het kabinet deze moties gaat uitvoeren, want als het deze moties gaat uitvoeren, hebben we geen probleem en hoeft er geen debat te komen."
DENK,"De heer Ergin (DENK): Voorzitter. Mijn tweede verzoek gaat over de jaarlijkse Staat van het Onderwijs, waaruit weer blijkt dat het niet goed gaat met het onderwijs in Nederland. Uit de Staat van het Onderwijs blijkt dat het onderwijssysteem als een soort postcodeloterij werkt, waarbij niet je talenten, je vaardigheden, maar je postcode doorslaggevender en bepalender is. We zien in de Staat van het Onderwijs ook dat de onderwijskwaliteit onder druk staat, dat het niet goed gaat met de basisvaardigheden, dat het geweld toeneemt, en zo kan ik nog even doorgaan. Het is gepast om een breed debat te voeren over de Staat van het Onderwijs als dit rapport er komt. Via deze weg vraag ik dat debat aan, met zowel de staatssecretaris als de minister van Onderwijs."
BBB,"Mevrouw Van der Plas (BBB): Ik steun dit verzoek zeker. Ik heb nog wel een vraag, want ook de Staat van het Praktijkonderwijs is uitgekomen. Nou hebben we deze week een commissiedebat over praktijkonderwijs, maar die tijd is altijd vrij kort, dus ik vermoed dat daar ook niet alles naar voren gebracht kan worden. Ik zou het rapport over de Staat van het Praktijkonderwijs eigenlijk ook graag bij dit debat willen betrekken."
DENK,"De heer Ergin (DENK): Jammer. Voorzitter. Een overheid die de waarheid opsluit, verspeelt elk recht op vertrouwen. Precies dat is gebeurd bij de Belastingdienst. De waarheid kwam niet boven tafel, werd niet met het parlement gedeeld, werd niet met toeslagenouders gedeeld, maar werd achter slot en grendel weggestopt. 64 miljoen documenten zijn jarenlang verborgen in een kluis. Voor de toeslagenouders, voor de gedupeerde ouders, is dit keihard, want zij zoeken al jaren naar deze waarheid. Die waarheid is er, maar die wordt niet gedeeld."
DENK,"De heer Ergin (DENK): Voorzitter, ik hoop dat u mij toestaat om het verzoek wat nader toe te lichten. Wat het nog erger maakt, is dat het kabinet al negen maanden wist dat deze digitale kluis er was en dat die 64 miljoen documenten niet werden gedeeld. Omdat dit geen vergissing is, wil ik daarover graag een debat met beide staatssecretarissen. Ik vraag dit debat aan voor in de week direct na het meireces. Dat wil ik er graag bij vermelden. Ik heb ook een informatieverzoek over de volgende zaken: een volledige tijdlijn vanaf het moment dat het bestaan van de digitale kluis werd gedeeld met de staatssecretaris, twee, correspondentie en relevante documenten over deze digitale kluis, en drie, een overzicht als blijkt dat er nog meer datakluizen zijn, inclusief de omvang van deze datakluizen."
JA21,"De heer Ceulemans (JA21): Voorzitter. Ik steun een debat hierover, maar wel op het moment dat we de informatie hebben om het debat over te kunnen voeren. Ik steun dus het informatieverzoek, maar als de heer Ergin zegt ""ik wil het meteen in de week na het meireces"", dan lijkt me de kans nul dat we de juiste informatie hebben om over te debatteren. Als dat een harde voorwaarde is, dan geen steun. Als het een verzoek is om een debat op het moment dat de informatie beschikbaar is, dan wel steun."
GroenLinks-PvdA,"Mevrouw Lahlah (GroenLinks-PvdA): Voorzitter. Afgelopen donderdag verscheen het rapport Schrijnende keuzes, van Kinderhulp. De titel zegt eigenlijk alles. Het gaat over kinderen die hun verjaardag niet vieren, over gezinnen die de verwarming uit laten en over ouders die moeten kiezen tussen eten, een bril of kleding. Dit zijn geen incidenten, maar structurele, onmogelijke keuzes waarmee gezinnen te maken hebben. Daarom is mijn verzoek tweeledig. Ten eerste vraag ik een kabinetsreactie op dit rapport. Ten tweede zou ik graag een debat willen met de minister van Sociale Zaken."
GroenLinks-PvdA,"Mevrouw Kathmann (GroenLinks-PvdA): Dank, voorzitter. Er ligt een Kameruitspraak dat DigiD in Nederlandse handen gebracht moet worden. We hebben zojuist massaal gestemd voor een motie die erom vraagt om, zodra dat kan, na overname de overheidscontracten eruit te trekken. Voor zover de Kamer is geïnformeerd, kan dat in 2028. Maar nu blijkt — de informatie blijft binnendruppelen — dat het deze zomer kan. Nu is de vraag als volgt. Wij moeten voor de zomer met elkaar in debat om de politieke vraag ""wat is onze digitale identiteit in Nederland ons waard?"" te beantwoorden. Dat is een politieke vraag. 175.000 Nederlanders hebben de petitie ondertekend om de Amerikaanse overname van DigiD te stoppen. Daarom vraag ik een debat aan met de minister en de staatssecretaris van Economische Zaken."
Groep Markuszower,"De heer Heutink (Groep Markuszower): Voorzitter. Dit bericht gaat ook over een klokkenluider. Allereerst wil ik een brief van het kabinet over hoe het deze klokkenluider als melder gaat beschermen. Dat wil ik graag weten van het kabinet, voordat dit debat gaat plaatsvinden. Maar natuurlijk van harte steun voor dit belangrijke onderwerp."
SGP,"De heer Flach (SGP): Voorzitter. Opnieuw komen er nieuwe feiten naar voren. Ik steun het debat, mede namens de ChristenUnie. Ik zou zo spoedig mogelijk een brief van het kabinet willen over de deadline. Ik wil het kabinet verzoeken om geen onomkeerbare stappen te zetten en om het voorbehoud op te nemen dat er niet tot verlenging wordt overgegaan zonder dat de Kamer daarover heeft gesproken."
D66,"Mevrouw El Boujdaini (D66): Het is een superbelangrijk onderwerp, maar geen steun. We hebben ook nog een commissiedebat staan nadat we advies krijgen naar aanleiding van een BTI-toets. Ik zou daar graag eventueel een plenair debat over willen, maar ik wil wel graag dat we eerst het proces van de BTI-toets aflopen en dat we nog een technische briefing krijgen, zoals vanochtend stond in de brief van het kabinet aan de Kamer."
D66,"Mevrouw Rooderkerk (D66): Dank, voorzitter. Maar liefst een op de drie kinderen kan niet goed genoeg lezen en schrijven om mee te komen in de samenleving. Rapport na rapport laat zien dat het leesniveau in Nederland daalt. Inmiddels bungelen wij onderaan in Europa als het gaat om het niveau van lezen en schrijven. Ook ten aanzien van rekenen zijn er zorgen. Daarom wil ik graag een plenair debat aanvragen over de dalende leerprestaties in het onderwijs. Ik hoop op uw steun daarvoor."
Volt,"De heer Dassen (Volt): Dank, voorzitter. De politiek heeft te weinig oog voor toekomstige generaties. De Raad van State noemt dat de ""tirannie van het hedendaagse"". De belangen van toekomstige generaties zijn versnipperd. Het is niet duidelijk waar ze liggen. Het is dus moeilijk voor de politiek om toezicht te houden op hoe die belangen gewaarborgd worden. Daar zou ik graag een debat over willen voeren met het kabinet."
D66,"De heer Mathlouti (D66): Voorzitter, dank. Ik heb inderdaad een verzoek namens mijn collega Van Asten. We moeten de komende jaren veel meer gaan bouwen voor alle woningzoekenden wier levens nu op pauze staan. Gisteren heeft de Ministeriële Taskforce Versnelling Woningbouw hun eerste plannen gepresenteerd. Ik ben blij dat het kabinet binnen enkele weken al de eerste resultaten laat zien, maar dat is niet genoeg. Het kabinet geeft aan na de zomer met een plan te komen. Ik heb het verzoek om zo snel mogelijk daarna een debat in te plannen."
D66,De heer Neijenhuis (D66): Voorzitter. Dit is nog een verzoek over het enorme woningtekort in Nederland. We moeten met z'n allen veel meer gaan bouwen. Daarvoor moeten we enorm veel goed woonbeleid gaan voeren met z'n allen. Maar we kunnen nergens mee beginnen zonder mensen in de bouw die die woningen ook daadwerkelijk gaan bouwen. Daarom wil ik een plan horen van het kabinet ten aanzien van de verontrustende berichten over de grote arbeidsmarkttekorten in de bouw en de bouwbedrijven die omvallen. Daar wil ik graag een brief over. Daarna wil ik daar snel met elkaar over in debat gaan.
Lid Keijzer,"Mevrouw Keijzer (Lid Keijzer): Sorry hoor, voorzitter. Er komt een pakket om mensen te steunen in de hoge energierekeningen. Daar zit uitsluitend verduurzaming in, terwijl er geen bouwvakkers zijn. Daar vraagt D66 vervolgens een debat over aan. Dit is zo de kluit in de maling nemen. Om deze reden kan ik dit niet steunen."
JA21,"De heer Eerdmans (JA21): Het zal niemand zijn ontgaan: vanmiddag is de Asielnoodmaatregelenwet gesneuveld in de Eerste Kamer. Dat is een wet die we zeer hard nodig hebben om de asielstroom richting Nederland in te dammen. Dit is een zeer slechte zaak, een blamage. Ik wil graag deze week een debat met het kabinet over de vragen: ""Hoe verder? Wat gaat het kabinet doen om dit te repareren, om deze blamage te herstellen?"" Ik wil graag ook de coalitiefracties ondervragen in dit debat, om te horen hoe zij er nu in zitten. Ik heb namelijk de indruk dat niet iedereen in dezelfde film zit."
Groep Markuszower,"De heer Markuszower (Groep Markuszower): Sowieso een aantal dingen. Eén. Ik wil de heer Eerdmans verzoeken om bij dat debat ook de minister-president te vragen. Dat zou een voorwaarde zijn voor onze steun. Twee. Het lijkt me goed om voordat er een debat wordt gevoerd een brief te krijgen van het kabinet over de vraag welke maatregelen ze nog denken te kunnen gaan nemen om de asielbeperkende maatregelen op te voeren. Wat er nu ligt, is gewoon niet genoeg. Ik heb dus liever dat het verzoek wordt toegevoegd aan het debat dat er al staat, maar anders steun."
Lid Keijzer,"Mevrouw Keijzer (Lid Keijzer): Voorzitter. De volwassenen zouden weer in het bestuur van het land terugkeren. Maar kijk eens wat er vandaag gebeurd is: ze krijgen het niet eens voor elkaar dat hun evenknie in de Eerste Kamer voor de belangrijke wet stemt waar Nederland zo op zit te wachten, om eindelijk eens iets te kunnen doen aan het asielbeleid. Van harte steun voor dit verzoek dus, en snel. Nederland kan namelijk niet wachten op maatregelen als de asielinstroom niet naar beneden gaat. Dat staat trouwens ook in het coalitieakkoord."
ChristenUnie,Mevrouw Bikker (ChristenUnie): Wat mij betreft maakt het kabinet vooral werk van het EU-Migratiepact. Dan hebben we werkend asielbeleid in plaats van dat we hier eindeloos blijven debatteren. Ik had steun gegeven aan het verzoek van collega Klaver. Dan kunnen we het ook even wat breder hebben over de werkwijze van het kabinet — dat lijkt me zinnig — in plaats van dat we nu nog een keer de hele behandeling van de Asielnoodmaatregelenwet hier over gaan doen.
FVD,"De heer Russcher (FVD): Cijfers van het CBS tonen aan dat het geboortecijfer in Nederland is gedaald tot 1,4 kind per vrouw. Meer dan de helft van de Nederlanders tussen de 18 en 35 heeft geen kinderwens. Als voornaamste redenen worden zorgen om de eigen financiën en het woningtekort genoemd. Als deze trend aanhoudt, kan de Nederlandse bevolking binnen 75 jaar gehalveerd zijn. Dat leidt tot toenemende personeelstekorten in onder andere de zorg, de bouw en de techniek."
D66,"Mevrouw Paulusma (D66): Voorzitter. In een recent verschenen artikel geven artsen en verpleegkundigen aan dat ze zich onzeker voelen over de zorg die zij geven in de laatste levensfase. Dat is niet alleen heel vervelend voor deze professionals, maar vooral voor patiënten. Onderzoek toont namelijk ook aan dat ze vaak geen passende zorg krijgen, maar vooral veelvuldig overbehandeld worden. Dat zouden we juist niet moeten willen in deze laatste levensfase. Daarover wil ik graag in debat met de Kamer en de minister."
GroenLinks-PvdA,"Mevrouw Zalinyan (GroenLinks-PvdA): Dank, voorzitter. De Moerdijkers zitten nog steeds te wachten op nieuws uit Den Haag over de toekomst van hun dorp. Het is ontzettend belangrijk dat dat debat snel plaatsvindt, voorafgaand aan het bestuurlijk overleg dat begin mei plaatsvindt. Het verzoek is dus om in de week van 18 mei een debat in te plannen en voorafgaand daaraan ook een brief van het kabinet te ontvangen over de situatie zoals die nu is en over de verschillende onderzoeken over Moerdijk."
PVV,"De heer Chris Jansen (PVV): Voorzitter. Als mijn stem het toelaat, wil ik graag een debat aanvragen met de minister van Landbouw, Visserij, Voedselzekerheid en Natuur over het bericht ""Mogelijk verbod op bestrijdingsmiddelen met PFAS: vrees voor aardappelziekte"". De reden dat ik dit debat wil aanvragen is dat het op zich niet onlogisch is om bestrijdingsmiddelen met pfas uit te faseren, maar dan wel in Europees verband en, niet onbelangrijk, er moeten wel alternatieven zijn zonder pfas. Anders lopen we het risico op, in dit geval, de aardappelziekte, maar het geldt ook voor andere gewassen. Om die reden graag een debat met de minister."
GroenLinks-PvdA,"Mevrouw Piri (GroenLinks-PvdA): Voorzitter. Er zijn volgens mij weinig zaken die we als Kamer zo serieus nemen als de veiligheid van onze mannen en vrouwen wanneer we hen op een militaire missie sturen. Nou bleek afgelopen vrijdag dat op een hele simpele manier de bemanning en het schip gewoon te tracken waren. Hierop heeft de minister een brief gestuurd naar de Kamer. Vanmorgen bleek via De Gelderlander dat de minister de Kamer daarbij verkeerd heeft voorgelicht. Dus allereerst wil ik vanavond voor 18.00 uur hierover nog een reactie van de minister. Ten tweede. Aangezien deze missie net is verlengd tot begin mei, lijkt het me gepast om, gelet op de veiligheid, dat debat nog deze week in te plannen."
SP,"Mevrouw Dobbe (SP): Nou, het lijkt mij wel heel goed om hier een debat over te hebben. Ik steun ook het verzoek, al is het niet het officiële verzoek, om dat snel in te plannen, liefst deze week nog. Mevrouw Piri heeft natuurlijk gelijk: dat schip en de bemanning zijn nu bezig. Als de veiligheid daar op de een of andere manier in het geding komt, moeten we het daar nu over hebben."
DENK,"De heer Van Baarle (DENK): Voorzitter. Naast dit is er inderdaad nog het niet-werken van het kanon. Ook heb ik nog wel wat vragen over het feit dat er zo veel geld is ingezet om met een privéjet daarnaartoe te vliegen. Het lijkt me goed om eens een goed debat met de minister van Defensie te hebben, dus steun voor het verzoek."
GroenLinks-PvdA,"De heer Stultiens (GroenLinks-PvdA): Voorzitter. We wisten al dat de rijkste man ter wereld met interesse kijkt naar de belastingdebatten over box 3 die we hier voeren, maar nu blijkt ook dat zijn bedrijf voor 400 miljoen dollar belasting ontwijkt via Nederland. Het is de hoogste tijd voor een debat, want deze belastingontwijking moet zo snel mogelijk worden aangepakt."
VVD,"De heer Verkuijlen (VVD): Voorzitter, dank. Wij zouden onder punt 24, de stemmingen over moties ingediend bij het tweeminutendebat Humanitaire Hulp, de motie op stuk nr. 215 (36180) willen aanhouden. De voorzitter: Op verzoek van de heer Verkuijlen stel ik voor zijn motie (36180, nr. 215) aan te houden. Daartoe wordt besloten."
DENK,"De heer Van Baarle (DENK): Dit gaat ook over punt 24. Ik zou de motie op stuk nr. 208 (36180), over de bijdrage aan UNRWA zo spoedig mogelijk herstellen, willen aanhouden. De voorzitter: Op verzoek van de heer Van Baarle stel ik voor zijn motie (36180, nr. 208) aan te houden. Daartoe wordt besloten."
GroenLinks-PvdA,"Mevrouw Piri (GroenLinks-PvdA): Voorzitter. Mijn eerste verzoek ga ik meteen skippen, want het verzoek is ook gezien door het kabinet en ik begrijp inmiddels dat de premier echt een hele, hele goede reden heeft om morgenmiddag niet bij dit debat aanwezig te zijn. Dat laat ik dus gaan. Ik kom zo bij het tweede verzoek. We hebben gisteren met de uitzending van BOOS nieuwe informatie gekregen over het negeren van dossiers over de slachtoffers van het bombardement op Hawija. Nou hebben wij al een meerderheid voor een afrondingsdebat over Hawija, dus mijn voorstel zou zijn om dit onderwerp daarbij te betrekken en het in te boeken ergens in de eerste of tweede week na het meireces, zodat we gewoon zeker weten dat dit op korte termijn nog aan de orde komt."
GroenLinks-PvdA,De heer Klaver (GroenLinks-PvdA): Voorzitter. Namens de commissie voor Buitenlandse Zaken wil ik graag vragen om rekening te houden met een kort plenair debat over het vervolg van de artikel 100-brief over de inzet op de Middellandse Zee. Uit mijn hoofd: het is de bedoeling dat we het daar volgende week over hebben.
SP,"De heer Jimmy Dijk (SP): Voorzitter. De oorlog in Iran zorgt niet alleen voor ontzettend veel menselijk leed, stijgende prijzen aan de pomp en hoge energierekeningen. De voorspelling is dat ook de prijs van onze boodschappen, ons voedsel, volgend jaar met 7% zal stijgen. We hebben hier meerdere malen discussies gehad over de hoge boodschappenprijzen in de afgelopen jaren, maar we zien dat er eigenlijk geen maatregelen op komen. Daarom wil de SP graag een debat met de minister van Economische Zaken hierover aanvragen."
GroenLinks-PvdA,"De heer Van der Lee (GroenLinks-PvdA): We hebben morgen een rondetafel over de economische gevolgen van de oorlog. We hebben al een debat gehad. Volgende week staat het debat ingepland om ook over maatregelen te spreken. Ik denk dat ook deze impact, een hogere inflatie, die best nog wel onzeker is, daarin goed besproken kan worden. Dus ik zou niet nog een extra debat willen steunen."
DENK,"De heer El Abassi (DENK): Voorzitter. Er is alweer een moskee in Zaandam aangevallen. We hebben eerder het rapport Zwartboek, over geweld jegens islamitische instituten, mogen ontvangen. Eigenlijk wilde ik ""schokkend"" zeggen, maar we zijn niet meer geschokt. We weten het. Het bevestigt wat iedereen al ziet: de islamhaat in Nederland is uit de hand gelopen, het is structureel; het is stelselmatig; het maakt het leven van moslims op straat en in instituten steeds onveiliger. Het rapport laat ook zien dat het beleid van dit kabinet en instituten volledig faalt. Jarenlang is gekozen voor wegkijken, praten, verbinden en dialoogsessies. Dat heeft niets opgelost; dat heeft het probleem alleen maar groter gemaakt. Daarom wil DENK graag een brief met de reactie van het kabinet op het rapport, en een debat."
PvdD,"Kamerlid Kostić (PvdD): Voorzitter. Vorig jaar kregen we ook al een onafhankelijk rapport dat liet zien dat de moslimhaat in Nederland zo groot is dat het ontwrichtend werkt voor de samenleving. Een bepaalde kant van de Kamer blokkeert steeds een logisch debat erover, dus van harte steun voor nóg een verzoek om dit debat."
BBB,Mevrouw Van der Plas (BBB): Voorzitter. Het kan inderdaad zoals mevrouw Michon zegt. Er komt straks nog een asieldebat. Er is een commissiedebat Asiel- en vreemdelingenbeleid op 13 mei. Er is nog een debat Terrorisme en extremisme op 27 mei. Dus wij houden het niet tegen. Wij zeggen juist: daar kan het veel eerder.
GroenLinks-PvdA,"Mevrouw Mutluer (GroenLinks-PvdA): Voorzitter. In mijn beleving hebben we de vorige keer een plenair debat over beveiliging van religieuze instellingen afgesproken. Daar was een meerderheid voor. O, dat had geen meerderheid? Ik zou zeggen: volgens mij moeten we wel een keertje het debat hierover voeren, want ik vind het verschrikkelijk wat er in Zaanstad is gebeurd. Wat mij betreft een breder debat, waarin dit wordt meegenomen."
GroenLinks-PvdA,"Mevrouw Patijn (GroenLinks-PvdA): Voorzitter, dank voor de coulance. Ik denk dat in het debat over de regeringsverklaring in de Eerste Kamer duidelijk is geworden dat er geen steun is in de Eerste Kamer voor het verhogen van de AOW. Die duidelijkheid die daar geschapen is, heeft niet geleid tot het van tafel halen van de plannen om de AOW-leeftijd te verhogen. Dat maakt dat het nodig is om met elkaar te debatteren. Het is tijd om dit te stoppen."
SP,Mevrouw Beckerman (SP): Voorzitter. De rijksambtenaren zijn cruciaal. Voor ons werk zijn ze onmisbaar. Dat hebben we gisteren ook gezien. Het parlement kon niet bijeenkomen vanwege de staking. Nou gaan wij absoluut niet over de cao of de inhoud ervan. Wij gaan er wel over of er ruimte is. Die is er nu niet vanwege een nullijn. Specifiek daarover wil ik graag een debat aanvragen met de minister van Binnenlandse Zaken.
PVV,"Mevrouw Faber (PVV): Dank u, voorzitter. Een nieuw fenomeen is aan de straatcultuur toegevoegd. Dat is jumpen. Jongeren vallen dan willekeurige mensen aan en filmen dat voor social media: alles voor de aandacht en de status. Het is totaal gestoord. Op tweede paasdag werd een 56-jarige man hiervan het slachtoffer. Hij werd naar de grond geslagen en tegen het hoofd geschopt door een groep jongeren. Hij gaf aan dat hij door ""een groep hyena's werd aangevallen"". Drie minderjarigen werden aangehouden en heengezonden bij een verdenking op kopschoppen, hetgeen een poging tot doodslag is."
PVV,"Mevrouw Faber (PVV): De hele groep dient aangepakt te worden. Het is een groepsaanval en groepsaanvallen kunnen de kop ingedrukt worden. Dat kan wettelijk al, maar het gebeurt niet. Daar wil ik het debat over voeren. Hier moet gewoon wettelijk op gehandhaafd worden: de hele groep moet worden aangepakt om het groepsgedrag te breken."
Lid Keijzer,"Mevrouw Keijzer (Lid Keijzer): Dit kan bij het commissiedebat, voorzitter. Maar ik doe wel graag het verzoek aan het kabinet om hier in een brief eens op in te gaan, waarbij overigens ook de positie van ouders eens een keer aan het licht mag komen, want hoe bestáát het dat dit soort filmpjes niet thuis besproken worden? Zij zien dat toch ook?"
BBB,"Mevrouw Van der Plas (BBB): Voorzitter. De snelste manier is inderdaad het commissiedebat Justitiële jeugd. Dat is volgende week. Maar ik wil het debat toch steunen, want ik vind dat er in Nederland gewoon een gezags- en gedragscrisis is. Dat debat kunnen we dan waarschijnlijk ook nog wel verbreden tot die gezags- en gedragscrisis. Om die reden steun ik het debat."
PVV,"Mevrouw Faber (PVV): Ja, voorzitter. Daders worden steeds jonger en gewelddadiger. In 2025 was bijna een kwart van de gearresteerde drugsuithalers minderjarig. Voor criminele bendes zijn minderjarigen een aantrekkelijke prooi, want minderjarigen willen graag makkelijk geld verdienen en ze staan zo weer op straat omdat ze onder het jeugdrecht vallen. Zo wordt de wetswijziging van 2022 waardoor uithalers zwaarder kunnen worden gestraft, eenvoudig omzeild en vervolgens gaan ze door naar de volgende klus. Eenmaal in dat circuit beland, ligt verdere afglijding naar zwaardere criminaliteit op de loer. Het strafjeugdrecht en de toepassing daarvan sluit dus niet meer aan bij de praktijk. Bij volwassen misdrijven door minderjarigen moet het volwassenenstrafrecht worden toegepast. Daar wil ik een debat over voeren. Maar ik ben het ook wel eens met meneer Ceulemans — volgens mij zei hij dat — die het erover had om die debatten eventueel samen te voegen. Dan voeren we dus één groot debat over jeugdcriminaliteit, over of de wetten nog wel aansluiten bij het jeugdrecht en over dat er gehandhaafd moet worden op dat groepsgedrag. Ik vind het eigenlijk best wel een goed idee om dat samen te voegen."
BBB,"Mevrouw Van der Plas (BBB): Ik ben ervan overtuigd dat de PVV bij het commissiedebat Justitiële jeugd zal zijn en dit dan ook aan de orde zal stellen. Mevrouw Faber zegt nu dat ze het wil samenvoegen met haar vorige aanvraag. Ik zal het dan met name hebben over de gezags- en de gedragscrisis in Nederland, maar dan kan ik dit debat steunen."
PVV,"Mevrouw Faber (PVV): Tot slot. Als er een gevangenisstraf moet worden opgelegd, kan deze zomaar verjaren. Dat zal bij 658 zaken dit jaar het geval zijn. Het zal in vrijwel alle gevallen gaan om zaken met een korte hechtenis tussen de 1 en 60 dagen. Je kunt je wel afvragen wat daartussen valt. In de Valkenburgse zedenzaak hadden namelijk meerdere mannen seks met een minderjarige prostituee en zij kregen slechts één dag gevangenisstraf, omdat er anders door de rechter geen taakstraf kon worden opgelegd. Een opgelegde straf dient te worden uitgevoerd. Er moeten gewoon meer personen in een cel. Dan halen we de middelen maar uit dat zinloze Klimaatfonds. Nederlanders worden namelijk eerder slachtoffer van criminaliteit dan van een politiek bedacht klimaatprobleem. Daar wil ik het debat over voeren."
ChristenUnie,"Mevrouw Bikker (ChristenUnie): Voorzitter. Die overvolle gevangenissen zijn een groot probleem. Daar moet geld voor gereserveerd worden in plaats van dat erop bezuinigd wordt. Ik ben het met mevrouw Faber eens dat we in ieder geval moeten kijken hoe dit wordt opgelost. Ik deel dus het verzoek voor een brief, maar niet voor een debat. Het kan sneller in de commissie."
PVV,"De heer Mooiman (PVV): Dank u wel, voorzitter. In het Algemeen Dagblad verscheen afgelopen week een bericht waaruit opnieuw blijkt dat ook de huren in de vrije sector fors stijgen. Inmiddels ligt bijna de helft van de beschikbare huurwoningen boven de €2000 per maand aan huur. Dit terwijl veel huurders op de vrije sector zijn aangewezen, omdat ze niet in aanmerking komen voor andere segmenten en ook geen hypotheek kunnen krijgen. Tegelijkertijd zijn huurders in deze sector gemiddeld 42% van hun inkomen kwijt aan wonen. Het is belangrijk dat we de stijgende huren en de situatie van middeninkomens die tussen wal en schip vallen bespreekbaar maken. Daarom wil ik een debat met de minister van Volkshuisvesting en Ruimtelijke Ordening over de stijgende huren, de positie van middeninkomens, die vaak geen kant op kunnen, en wat het kabinet gaat doen om deze groep mensen te helpen."
PvdD,"Kamerlid Kostić (PvdD): Dank, voorzitter. De rechter was klip-en-klaar: Nederland moet veel meer doen om de inwoners van Bonaire, Saba, Sint-Eustatius en alle andere inwoners van Nederland te beschermen tegen de gevolgen van de klimaatcrisis. De Staat moet de fossiele uitstoot sneller terugbrengen. In plaats van daarmee hard aan de slag te gaan, gaat het kabinet in hoger beroep. Het kabinet weigert dus verantwoordelijkheid te nemen. En erger nog: het kabinet verspilt kostbaar belastinggeld, energie en tijd aan een rechtszaak in plaats van het beschermen van mens, dier en natuur. Daarom wil de Partij voor de Dieren voor het zomerreces een debat met de minister van Klimaat en Groene Groei over de Bonairezaak."
PVV,"De heer Graus (PVV): Dank u wel, meneer de voorzitter. Elk jaar is het weer raak met illegale slachtfeesten waarbij dieren onverdoofd worden gemarteld en een verschrikkelijke dood sterven. Ze worden ook vaak ontvreemd, gestolen. Ik wil daarom een debat aanvragen met de staatssecretaris van LVVN. Het liefst breder, natuurlijk, want dit is ook een justitieel probleem. Daar zal ik echter ook steun voor moeten krijgen. Ik wil namelijk dat in dat debat ook naar voren komt waar die schapen vandaan komen. Dat zijn allemaal geregistreerde dieren. Ik vind dat we als Kamer ook zo langzamerhand erover moeten gaan praten dat, hoewel iedereen ons heeft gesteund voor gevangenisstraffen en een levenslang houdverbod, daar helemaal niks mee wordt gedaan. Daar moet de Kamer zich ook eens over uitspreken, want er moet zo langzamerhand wel enige druk op de rechtspraak gaan komen."
BBB,Mevrouw Van der Plas (BBB): Dit zijn verschrikkelijke praktijken en dat ziet iedereen ook. Dit is ook niet de standaardpraktijk in Nederland; dat zien we ook op de beelden. We hebben volgende week echter inderdaad een debat over de NVWA en daar kan het prima bij betrokken worden. Ik ga ervan uit dat de heer Graus of een collega er ook een punt van maakt tijdens dat debat. Geen steun voor plenair dus.
JA21,De heer Ceulemans (JA21): Er komt ook nog een plenair debat over asiel; daar was twee weken geleden een meerderheid voor en dat gaat ingepland worden. Het is wel een hele ernstige kwestie. We hebben er ook schriftelijke vragen over gesteld. Wat ons betreft kan dit onderwerp gewoon bij dat debat gevoegd worden. Dat is denk ik de snelste route om het er plenair over te hebben.
Groep Markuszower,"De heer Markuszower (Groep Markuszower): Dank u wel, voorzitter. Vorige week konden we lezen dat Nederland heeft ingestemd met het benoemen van onder andere Iran, maar ook nog wat andere schurken- en boevenstaten, in de ECOSOC. Dat is een orgaan van de Verenigde Naties dat zich onder andere bezighoudt met vrouwenrechten en mensenrechten. De vraag is waarom Nederland instemt met het benoemen van zo'n schurkenstaat, die alle vrouwenrechten en mensenrechten schendt, maar dan toch in zo'n orgaan wordt benoemd."
PVV,"De heer De Roon (PVV): Voorzitter. Het is een belangrijk onderwerp dat hier aan de orde wordt gesteld en juist daarom zou ik het morgen willen bespreken in het plenaire debat over de situatie in het Midden-Oosten. Om dat nou efficiënt te laten verlopen, zou ik ook willen voorstellen dat we een brief ontvangen van de minister van Buitenlandse Zaken waarin hij een uitvoerige toelichting geeft op het stemgedrag van Nederland en de houding die daarbij is gekozen."
BBB,"De heer Vermeer (BBB): Voorzitter. Ik denk dat we het hier toch wel apart over moeten hebben, want dit gaat over verdragen en clubs. Somalië zit bijvoorbeeld in de Veiligheidsraad. Als je daar homoseksualiteit bedrijft, krijg je de doodstraf. Laten we hier eens een keer een debat houden over de verdragen en clubs waar we bij betrokken zijn."
ChristenUnie,"Mevrouw Bikker (ChristenUnie): Voorzitter. Alle afkeurende woorden van de heer Markuszower over Iran deel ik van harte. Ik vind het ook heel goed als de Kamer hierover spreekt, maar het snelste is wel morgen bij het commissiedebat RBZ of bij het debat over het Midden-Oosten. Daarom voor nu geen steun, maar op de inhoud vinden we elkaar."
Lid Keijzer,"Mevrouw Keijzer (Lid Keijzer): Na de Tweede Wereldoorlog is de Verenigde Naties ontstaan voor internationale vrede en stabiliteit. Je ziet ze inmiddels stappen zetten waardoor ze die positie, in ieder geval wat mij betreft, dreigen kwijt te raken. Het is heel belangrijk om hier een keer plenair over te spreken. Dit is een mooie aanleiding; steun."
Groep Markuszower,"De heer Markuszower (Groep Markuszower): En ook geen 30 leden, denk ik? Mag ik u wel het volgende verzoeken? Er is een informatieverzoek van de heer De Roon. Daar sluit ik me graag bij aan. Ik zou dan graag de Kamer, of in ieder geval de Voorzitter, willen verzoeken of we het inderdaad bij dat plenaire debat kunnen betrekken. Ik weet namelijk niet of ik zelf bij dat RBZ-debat daarvóór aanwezig kan zijn."
D66,"De heer Sneller (D66): Dank, voorzitter. De ngo Justice for Prosperity heeft een rapport uitgebracht waarin het documenteert hoe gepoogd is om onze gemeenteraadsverkiezingen te beïnvloeden, onder andere door buitenlandse actoren. Dat laat wederom zien hoe kwetsbaar we daarin zijn en dat we onze weerbaarheid moeten verhogen. Daarom wil ik daarover graag een debat met de minister van Binnenlandse Zaken."
ChristenUnie,"Mevrouw Bikker (ChristenUnie): Ik kan me aansluiten bij collega Verkuijlen, met daarbij het extra verzoek om te bekijken of dit ook gevolgen moet hebben voor de Wet op de politieke partijen. Aan de hand daarvan kunnen we bezien of we een plenair debat inplannen of dat het in het commissiedebat over verkiezingen kan."
D66,"De heer Sneller (D66): Dat is een wat breder verzoek, mede namens collega-rapporteurs Tseggai en Abdi. Wij zijn vanuit de commissies voor Binnenlandse Zaken en Justitie bezig geweest met het voorbereiden van een debat over de staat van de rechtsstaat, nadat de Kamer in 2021 in een breed ondersteunde motie uitsprak om die jaarlijks te organiseren. Dat is tot nu toe één keer gebeurd. Het lijkt ons een goed idee om dat wederom te doen. Die rondetafelgesprekken zijn 3 en 4 juni, dus het verzoek zou zijn om dat debat met de minister van Binnenlandse Zaken en de staatssecretaris Rechtsbescherming later die maand te organiseren."
GroenLinks-PvdA,De heer Stultiens (GroenLinks-PvdA): Voorzitter. Elk jaar gaan er miljarden aan belastingvoordeel naar de allerrijksten in dit land. De rekening hiervan wordt betaald door gewone mensen en mkb'ers. Dit weekend konden we lezen dat er zelfs elk jaar een miljard euro belastingkorting gaat naar een bedrijf dat al vertrokken is uit Nederland en dus nauwelijks innovatie toevoegt. Daarom wil ik graag een debat met de staatssecretaris van Financiën om te kijken hoe we deze Innovatiebox doelmatiger kunnen maken en meer gericht op bedrijven die echt in Nederland zitten.
FVD,"De heer Van Meijeren (FVD): Dank u wel, voorzitter. Afgelopen week waren onze koning, koningin en de minister-president aanwezig bij de Bilderbergconferentie, een jaarlijkse internationale bijeenkomst waar hooggeplaatste, invloedrijke figuren uit tal van sectoren bijeenkomen, niet alleen uit de politiek, maar ook uit de academische wereld, het militair-industrieel complex, de financiële wereld, het zakenleven en de inlichtingendiensten. Ik wil heel graag weten waarom de minister-president ernaartoe is gegaan met de koning en koningin. Waarom stond dit niet, conform afspraken, in zijn agenda? Zijn er afspraken gemaakt? Zijn er verwachtingen gewekt? Wat is er zoal besproken? Ik wil graag een plenair debat om hier in alle openheid en transparantie met elkaar de uitkomsten van de Bilderbergconferentie te bespreken."
Lid Keijzer,"Mevrouw Keijzer (Lid Keijzer): Voorzitter. We doen net alsof daar allerlei gekke dingen gebeuren. Ik denk dat het dus heel goed is dat het kabinet gewoon eens openheid geeft over wat daar besproken wordt en met wie daar gesproken wordt, om een einde te maken aan dit soort theorieën. Volgens mij zal dan blijken dat het allemaal het daglicht kan verdragen en is een debat niet nodig."
BBB,"Mevrouw Van der Plas (BBB): Voorzitter. Het antisemitismedebat zou eigenlijk gisteren hebben plaatsgevonden, ware het niet dat er een staking van ambtenaren was. Het is heel goed dat mensen in Nederland opkomen voor hun recht. Onder ambtenaren vallen ook schoonmakers, restaurantpersoneel, bewaking en beveiliging."
BBB,"Mevrouw Van der Plas (BBB): Dit wilde ik toch even gezegd hebben. Het debat is nu verplaatst naar volgende week. Afgelopen week kon de minister-president er niet bij zijn, maar volgende week kan hij er mogelijk wel bij zijn. Mijn verzoek is dan ook om de minister-president toe te voegen aan het antisemitismedebat van volgende week."
BBB,"Mevrouw Van der Plas (BBB): Dan kan de minister-president zelf bepalen of het past in zijn agenda. Voorzitter. Ik heb nog een ander verzoek. Dat gaat over de Natuurherstelverordening. Wij in Nederland realiseren ons niet hoe ongelofelijk veel die verordening gaat betekenen. Iedereen denkt dat het alleen over boeren gaat, maar dit wordt een stikstof 10.0-situatie. De Natuurherstelverordening gaat over 450.000 tot 850.000 hectare extra natuur in Nederland. Dat geldt niet alleen voor boeren, voor weilanden, akkers of wat dan ook, maar dat gaat ook gelden voor gemeenten."
BBB,"Mevrouw Van der Plas (BBB): Gemeenten moeten allemaal extra groen aanleggen. Nogmaals, dit wordt stikstof 10.0. Ik wil hier heel graag een debat over, in ieder geval met de minister van LVVN en de staatssecretaris van LVVN. Ik zou daaraan willen toevoegen: ook met de minister van Volkshuisvesting en de minister van Infrastructuur."
GroenLinks-PvdA,"Mevrouw Bromet (GroenLinks-PvdA): Voorzitter. Ik ben het ermee eens dat dit grote consequenties gaat hebben voor Nederland. Wat GroenLinks-PvdA/PRO betreft zijn dat goede consequenties, die een oplossing voor het stikstofprobleem zijn. Maar het is sowieso goed om daar een keer een goed debat over te voeren. Dus steun."
Lid Keijzer,"Mevrouw Keijzer (Lid Keijzer): Wat was het? Een of twee provincies aan natuur erbij. We gaan dus van grond die bedoeld is voor voedsel — we kunnen die grond nog eens nodig hebben als het misgaat in de toekomst — een soort cultuurnatuur maken. Ik denk dat mevrouw Van der Plas helemaal gelijk heeft. Steun voor dit verzoek. En ik wil voortaan ook dit soort minuten, voorzitter."
CDA,"Mevrouw Inge van Dijk (CDA): Ik doe dit verzoek mede namens de heer Mohandis van GroenLinks-PvdA en mevrouw Huizenga van D66. Het gaat over het landelijk impactonderzoek voor sportverenigingen en vooral alle uitdagingen waar zij mee te maken hebben. Veel van die uitdagingen leggen wij ze vanuit Den Haag op. Het gaat over 14 miljard euro aan toegevoegde waarde per jaar. Als je alleen al kijkt naar de 100 onderzochte verenigingen, gaat het om 16.000 vrijwilligers en 1,9 miljoen uur aan vrijwilligerswerk. Vertaal dit door naar 26.000 verenigingen en dan weten we dat we dat niet vanzelfsprekende mogen blijven vinden. Vandaar dat ik het samen met mijn collega's hoog tijd vind om hier een debat over te voeren met elkaar."
ChristenUnie,"De heer Ceder (ChristenUnie): Ik zou graag een motie willen aanhouden. Dat is bij punt 9, de stemmingen over moties ingediend bij het tweeminutendebat over de WIA-problematiek, de motie op stuk nr. 872 (26448). De voorzitter: Op verzoek van de heer Ceder stel ik voor zijn motie (26448, nr. 872) aan te houden. Daartoe wordt besloten."
SGP,"De heer Flach (SGP): Ik heb een soortgelijk verzoek. Ik zou bij punt 7, de stemmingen over moties ingediend bij het notaoverleg over de Ontwerp-Nota Ruimte, de motie op stuk nr. 274 (29435) willen aanhouden. De voorzitter: Op verzoek van de heer Flach stel ik voor zijn motie (29435, nr. 274) aan te houden. Daartoe wordt besloten."
GroenLinks-PvdA,"Mevrouw Zalinyan (GroenLinks-PvdA): Dank, voorzitter. Nederland is niet voorbereid op extreme weersomstandigheden. Die ongemakkelijke waarheid kwam vorige week naar buiten met het PBL-rapport. We moeten keuzes maken over hoe we onze ruimte inrichten, wie we gaan beschermen en welke mate van schade we accepteren. We zien natuurlijk nu al de gevolgen van hitte, droogte en te veel en te weinig water. Dat raakt natuurlijk aan onze gezondheid en veiligheid. Daarom verzoek ik om een plenair debat met de ministers van VRO en IenW, om het hierover te hebben."
GroenLinks-PvdA,"Mevrouw Patijn (GroenLinks-PvdA): Uitzendbedrijven hielden zich jarenlang niet aan de uitspraak van de rechter, die bepaalde dat de uitzendkracht voor gelijk werk volledig gelijk beloond moet worden. Het lijkt erop dat uitzendkrachten jarenlang opgeteld miljarden aan inkomen mislopen. Onderbetaling van werknemers van deze omvang is nog nooit eerder voorgekomen. Ik wil een debat met en een brief van de minister over hoe mensen deze beloning als nog kunnen krijgen, over hoe de wet aangepast moet worden en op welke wijze het toezicht op gelijke beloning in de toekomst gegarandeerd kan worden."
GroenLinks-PvdA,"Mevrouw Lahlah (GroenLinks-PvdA): Ik zou graag een debat willen aanvragen met de minister van Werk en Participatie over het bericht dat het kabinet het plan schrapt om mensen die recht hebben op bijstand actief te benaderen. Dat besluit komt eigenlijk volkomen onverwacht. Onlangs is deze aanpak bij de begroting van Sociale Zaken en bij commissiedebatten juist gepresenteerd als belangrijk beleid om niet-gebruik tegen te gaan en mensen beter te bereiken. Het is dus niet alleen een politieke draai, maar ook slecht nieuws voor al die mensen die door drempels, schaamte en de onduidelijke regels buiten beeld blijven. Daarover wil ik een debat."
GroenLinks-PvdA,"Mevrouw Lahlah (GroenLinks-PvdA): We zien week na week bericht na bericht over de groeiende schuldenproblematiek onder jongeren. Daarom zou ik met de minister een debat willen aanvragen, want wie jong in de schulden raakt, loopt niet alleen financiële achterstanden op, maar, zoals de berichtgeving ook zegt, ook een groter risico om op het verkeerde pad te belanden. Wat mij betreft vraagt deze problematiek aparte aandacht, want jongeren gaan niet op in het algemene schuldenbeleid. Hun kwetsbaarheid en de levensfase maken dat schulden veel harder doorwerken en hen vatbaarder maken voor ronselaars en snel geld. Daarom wil ik een debat om te kijken naar een gerichte aanpak."
ChristenUnie,"De heer Ceder (ChristenUnie): Ik vind het prima om het tweeminutendebat te doen, maar om de hele Kamer hier te houden om te stemmen? Volgens mij kunnen die stemmingen ook dinsdag, zelfs als die over een motie van wantrouwen gaan. Ook dat hebben we namelijk losgelaten; daar kunnen we ook best een weekend overheen laten gaan."
BBB,"Mevrouw Van der Plas (BBB): Ja. Dat klopt, maar we doen dat vaak inclusief stemmingen omdat er dan bijvoorbeeld in Brussel een Landbouwraad is of zo. Ik vraag me dus even af of de stemming dan per se op donderdag nodig is of dat die dan ook op dinsdag kan. Want nogmaals, ik steun het tweeminutendebat wel."
DENK,De heer Van Baarle (DENK): Voorzitter. Het debat moet nog afgerond worden in de commissie. Dan nu al schermen met de vertrouwensvraag vind ik wel heel erg ver gaan. Dus volgens mij hebben we eerst het debat in de commissie en kan er daarna altijd gekeken worden of er fracties zijn die urgent een motie willen indienen. Dus nu geen steun.
Groep Markuszower,"De heer Markuszower (Groep Markuszower): Dank u wel, voorzitter. Ongeveer een maand, zes weken, geleden, hebben wij als Kamer vergaderd met de, toen nog, informateur. De partijen die het mandaat hebben gekregen om verder te gaan met een coalitieakkoord, hebben toen beloofd om op een bepaalde manier met de Kamer te gaan werken. Ik constateer na het Sjoerd Sjoerdsma-effect en -echec van vorige week dat die verhoudingen zoals we ze hebben afgesproken, niet worden nagekomen. Ik wil daar graag met de Kamer over spreken — er hoeft niemand in vak K te zitten — als een soort informatiedebat 2.0."
Lid Keijzer,"Mevrouw Keijzer (Lid Keijzer): Zucht … Nou ja, ik herpak me maar even, voorzitter. Kijk, het punt dat de heer Markuszower hier naar voren brengt, is natuurlijk wel fundamenteel. Alle bewindspersonen willen met iedereen koffiedrinken en zeggen vervolgens: ja, maar ik heb me te houden aan het coalitieakkoord."
Groep Markuszower,"De heer Claassen (Groep Markuszower): Voorzitter. Ik zou graag een debat willen met de minister van OCW als stelselverantwoordelijke voor ons publieke bestel, waarin eigenlijk wordt toegelaten dat een Kamerlid wordt uitgemaakt voor ""enge fascist"" en er in het programma ook geen tegengeluid komt. Het wordt gewoon geaccepteerd. Wat ons betreft is dat een teloorgang van het stelsel. Over die teloorgang hadden wij graag een debat met de verantwoordelijke minister."
BBB,"Mevrouw Van der Plas (BBB): Voorzitter. Ik ben er niet zo voor om over elk incident een debat aan te vragen. Wat mij betreft gaat het debat dus niet alleen daarover. Wat ik wel interessant vind, is een debat over dat er zomaar van alles kan worden geroepen over Kamerleden, echt op een nare manier. Ik ben ook een nazi genoemd, ik ben ook een fascist genoemd. Daar zou ik nog wel een debat over willen. Ik zou het dus wel wat breder willen trekken."
PVV,"De heer Kops (PVV): Voorzitter. Netcongestie is een groeiend probleem. Niet alleen bedrijven, maar nu ook huishoudens staan op de wachtlijst voor een elektriciteitsaansluiting. De problemen zijn nu zo groot dat Liander zelfs overal kleinere energiecentrales wil plaatsen die draaien op gas en op diesel. Het is het falen van de energietransitie in een notendop. Ik wil dus graag een debat met de minister van Klimaat en Groene Groei over netcongestie, zeker in relatie tot de energietransitie."
GroenLinks-PvdA,"Mevrouw Moorman (GroenLinks-PvdA): Dank u wel, voorzitter. Er kwam een onderzoek uit van de UvA onder 30.000 middelbare scholieren, waaruit blijkt dat ruim vier op de tien Nederlandse middelbare scholieren vindt dat lhbtiq+'ers niet gelijkwaardig zijn aan hetero's. Ik denk dat we daar allemaal ontzettend van geschrokken zijn. 35% van de jongeren vindt ook dat je niet zelf mag bepalen op wie je verliefd wordt. De daling van de acceptatie van lhbtiq+'ers is iets wat ons, denk ik, allemaal aangaat. Ik zou daar heel graag een debat over voeren. Ik weet dat er over een aantal weken een debat over emancipatiedebat gepland staat, maar het lijkt me wel belangrijk om dit ook apart met elkaar te bespreken. Daarom graag steun van de Kamer om hier een plenair debat over te voeren."
Groep Markuszower,"De heer Claassen (Groep Markuszower): Dat is wel bijzonder. Een collega van mevrouw Moorman in de gemeenteraad van Amsterdam, Groot Wassink, kwam met een rapport waarin precies werd uitgelegd wat de reden is voor het onderwerp van dit debat. Dat werd in de doofpot geduwd. Om die reden alleen al zou ik het debat dus willen steunen."
DENK,"De heer El Abassi (DENK): Onschuldige Nederlanders die op terrorismelijsten terechtkomen: het moet een keer ophouden. Onlangs oordeelde de inspectie keihard over het politieonderzoek daarnaar. Dat was onzorgvuldig, niet navolgbaar en niet onafhankelijk. Hoe kan het in een rechtsstaat dat je zonder duidelijke reden op zo'n lijst belandt, dat je gegevens worden gedeeld en dat je niet meer kunt reizen of levenslang in onzekerheid leeft? De overheid moet burgers beschermen, niet beschadigen. Daarom vraag ik een debat aan met de minister van Justitie en Veiligheid."
PVV,"De heer Wilders (PVV): Dank u wel, voorzitter. De brandstofprijzen rijzen opnieuw de pan uit. De prijs van diesel staat vandaag op €2,81, die van benzine op €2,60. Voor veel mensen is dat nauwelijks meer te betalen. Ik heb naar aanleiding daarvan twee verzoeken. Mijn eerste verzoek is om zo spoedig mogelijk, nog voor het meireces, het debat in te plannen. Ik wil graag een apart debat, los van de Voorjaarsnota, bij voorkeur ook met de premier erbij, nadat de brief van het kabinet over de maatregelen de Kamer heeft bereikt. Mijn tweede verzoek is aan het kabinet, om zijn best te doen om nog deze week een besluit te nemen, zodat we daar volgende week al over kunnen debatteren. Het duurt allemaal veel te lang. Miljoenen mensen hebben echt die maatregelen nodig, zoals lagere accijns op benzine en diesel. Dat tweede verzoek is meer een informatieverzoek aan het kabinet. Ik hoop dat men daar uiterlijk morgen schriftelijk antwoord op geeft."
PVV,"De heer Wilders (PVV): Dank u zeer, voorzitter, en dank aan de collega's. Het tweede verzoek gaat over de grote gevolgen van islamisering in Europa en Nederland. We zien de veranderingen in het straatbeeld, vol met hoofddoekjes. We zien een groei van eerwraak en ook een groei van antisemitisme. Er komen meer islamitische scholen. ISIS roept op tot aanslagen in Nederland. Aanhangers worden met bosjes van onze straten geplukt. Synagogen en joodse scholen zijn, net als het gebouw van Christenen voor Israël, doelwit van terreur. Op eerste paasdag wordt provocatief door moslims in Rotterdam op straat gebeden. Zo kan ik nog een uur doorgaan. Voorzitter. Ik weet dat wij in dit huis volgende week apart debatteren over antisemitisme. We debatteren over terreur. We debatteren over eerwraak. Ik zou echter graag een allesomvattend debat willen met de premier en de minister van Justitie over — ik noemde het net — de oorzaak van veel, en dat is de islamisering van ons land en de gevolgen daarvan."
DENK,"De heer Van Baarle (DENK): Al die Nederlandse moslims die te goeder trouw hier een bijdrage leveren aan de samenleving zien hoe de heer Wilders weer een heel geloof, een hele geloofsgemeenschap, raakt met zijn walgelijke woorden. Het is verwerpelijk. Vanzelfsprekend geen steun voor dit walgelijke relaas."
PVV,"Mevrouw Vondeling (PVV): Voorzitter. De inkt van het regeerakkoord is nog maar net droog en nu al ligt de coalitie overhoop over asiel. D66 wil de nieuwe, strengere terugkeerregels voor het terugsturen van afgewezen asielzoekers versoepelen; VVD en CDA willen dat niet. Wat de PVV betreft wordt er geen millimeter teruggeschoven op strengere asielregels. Daarom wil ik een debat met de minister van Asiel en Migratie."
GroenLinks-PvdA,"Mevrouw Piri (GroenLinks-PvdA): Voorzitter. Geen steun, om de simpele reden dat we nog niet eens weten hoe die wet eruit komt te zien. Het is Europese wetgeving. De trialogen moeten nog beginnen. Het is dus echt onzin om hier nu een debat te voeren over een wet waarvan we nog niet eens weten hoe die wordt."
ChristenUnie,"De heer Ceder (ChristenUnie): Voorzitter. Het is niet bekend wat de wetstekst wordt, want die is nog onder behandeling. De coalitiepartijen gaan zelf over wat ze wel of niet ervan vinden. Ik denk dat het nog wel jaren op zich laat wachten voordat we de uitvoering hiervan plenair behandelen. Daarom zou ik dit niet plenair behandelen. Als er vragen zijn, kan dat in ieder geval in een commissiedebat."
BBB,"Mevrouw Van der Plas (BBB): De ervaring leert dat debatten vaak pas maanden later worden gehouden. In dat geval is de argumentatie dat er van alles en nog wat besproken moet worden. Dat kan. Het duurt dus toch nog maanden voordat dit wordt ingepland. Ik hoop het niet, maar ik steun het debat. Anders kan mevrouw Vondeling het ook inbrengen in het andere asieldebat. Maar steun."
SP,"Mevrouw Dobbe (SP): Dank u wel, voorzitter. Tijdens de energiecrisis van 2022 maakten de 93 grootste olie- en energiebedrijven ruim 490 miljard aan overwinsten, boven op de 700 miljard winst die ze al maakten. Oliebedrijven in de Verenigde Staten verwachten nu al 63 miljard euro extra winst te gaan maken. We weten dat energiebedrijven in Nederland ook extra winsten, zogenaamde overwinsten, zullen gaan maken. Tegelijkertijd pleitten de ministers van Financiën van vijf EU-landen al voor het belasten van die aankomende overwinsten. Daar zat Nederland niet bij. Het is dus hoog tijd voor een debat hierover, zodat energiebedrijven niet rijk worden over de rug van gewone Nederlanders. Graag een debat met de minister van Financiën."
GroenLinks-PvdA,"De heer Mohandis (GroenLinks-PvdA): Voorzitter, dank u wel. Wij zouden graag een debat willen met de minister van Justitie en Veiligheid over het zoveelste bericht dat sextortion blijft groeien. De ernst neemt alleen maar toe. We zien een grote toename van gruwelijke afpersing met naaktfoto's. Slachtoffers worden steeds jonger. De cijfers spreken voor zich. Dit verdient een plenair debat."
Groep Markuszower,"De heer Heutink (Groep Markuszower): Voorzitter. Drie jaar geleden vond de verschrikkelijke treinramp bij Voorschoten plaats, waarbij één persoon om het leven kwam en negentien mensen afgevoerd werden naar het ziekenhuis. Precies één jaar geleden hebben we een debat gehad om de maatregelen te bespreken die de OVV had opgesteld. Wat blijkt nu? Die maatregelen zijn vandaag nog steeds niet of bijna niet doorgevoerd. Ik denk dat het daarom goed is dat we opnieuw een debat te voeren met de staatssecretaris van Infrastructuur en Waterstaat en de minister van Sociale Zaken en Werkgelegenheid, om eindelijk eens grip te krijgen op hoe die maatregelen er nou voor staan en wat we concreet kunnen doen om te zorgen dat dit nooit meer gebeurt."
VVD,"De heer Schutz (VVD): Dit is op zich een belangrijk onderwerp, maar we kunnen daarover debatteren in het commissiedebat op 27 mei over spoorveiligheid en ERTMS. Ik zou aanvullend willen vragen om een reactie van de staatssecretaris op het artikel dat de aanleiding is voor het verzoek van de heer Heutink."
Lid Keijzer,"Mevrouw Keijzer (Lid Keijzer): Dank u wel, voorzitter. Dan ben je net gewend aan het feit dat je Generation X bent, en dan wordt het verboden door de taalpolitie op het ministerie van OCW. Ik zeg ""taalpolitie"" omdat dit allemaal doorsijpelt. Als je inmiddels naar een museum gaat in Nederland, komt het wapperende vingertje je al tegemoet via de beschrijving aan de zijkant. We mogen ook al niet meer praten over datgene waar wij trots op zijn, bijvoorbeeld de goede kanten aan de Gouden Eeuw. Voorzitter. Ik denk dat het echt heel belangrijk is dat we hier met elkaar eens een plenair debat over hebben, om eens door te spreken of we dit in Nederland wel willen op deze manier. Want uiteindelijk landt dit via het onderwijs ook tussen de oren van onze kinderen. Het lijkt mij goed om hier eens met elkaar over door te praten."
VVD,Mevrouw Michon-Derkzen (VVD): Ik zal mevrouw Keijzer weer verbazen: ik steun het verzoek niet. Dit is net in het vragenuurtje al uitgebreid besproken. Er is van de week ook een commissiedebat over hoger onderwijs. Dan kan mevrouw Keijzer dit nog eens overdoen met de minister. Ik denk dat wij onze tijd hier aan andere dingen moeten besteden. Geen steun.
SP,"Mevrouw Dobbe (SP): Dank u wel, voorzitter. Vorig jaar tijdens de NAVO-top is aan Trump en Rutte toegezegd om 3,5% plus 1,5% — dat is samen 5% — van alles wat wij samen verdienen, te gaan uitgeven aan de NAVO. Dat is tussen de 30 en 40 miljard euro. Waarvoor dat precies is, weten we nog steeds niet. Vandaag kwam weer in het nieuws dat het vooral heel geheimzinnig is waar dat geld voor bedoeld is. Er is op dit moment geen nationale afbakening van wat er wel of niet onder die 1,5% valt, lezen we. Als dat geld zo hard nodig is, waarom is het dan nog steeds niet duidelijk waar dat geld voor is? Ondertussen zien we wel bezuinigingen op zorg en sociale zekerheid. Daar is geen geld voor, maar wel voor deze mysterieuze miljarden voor defensie."
FVD,"De heer Van Duijvenvoorde (FVD): Voorzitter. De Franse centrale bank heeft besloten zijn goudreserves uit de Verenigde Staten terug te halen en voortaan in eigen land op te slaan, mede in het licht van veranderende internationale standaarden en geopolitieke verhoudingen. Nederland houdt nog altijd een aanzienlijk deel van zijn goudreserves in het buitenland, onder andere in de VS, Canada en het VK. Hoewel het beheer van deze reserves formeel bij DNB ligt, raakt de vraag waar ons nationale vermogen zich bevindt aan bredere publieke belangen, zoals financiële stabiliteit, geopolitieke afhankelijkheid en nationale veiligheid. Dat is dus gewoon een politiek onderwerp. Daarom wil ik een debat met de minister van Financiën over de vraag of onze goudreserves nog voldoen aan de huidige standaarden en of het wenselijk is dat een substantieel deel van onze reserves zich buiten Nederland bevindt."
BBB,De heer Vermeer (BBB): Voorzitter. Ik heb bij Bureau Wetgeving nagevraagd wat wij kunnen doen als Kamer. Dat lijkt helemaal niet zo veel te zijn. Nu krijgen we weer een vertrouwelijke briefing. Dat mag de rest van Nederland dus niet zien. Wij moeten hier in het openbaar over gaan debatteren. Volle steun.
Lid Keijzer,"Mevrouw Keijzer (Lid Keijzer): Ik wil eerst een brief van de regering over hoe dit allemaal precies zit. Ik hoor hier allerlei schimmige verhalen over. Daar hou ik niet van. Volgens mij is prima uit te leggen hoe dit in elkaar zit. Ik wil dus eerst graag een brief. Als het dan nog onduidelijk is, kan de heer Van Duijvenvoorde wat mij betreft terugkomen voor zijn verzoek."
Groep Markuszower,"Mevrouw Schilder (Groep Markuszower): Voorzitter, dank u wel. Voordat ik toekom aan mijn motie, wil ik graag even stilstaan bij de ontsnapping van de voor meerdere zedenmisdrijven veroordeelde tbs'er Anne D. Dit toont aan dat het huidige systeem, met al die vrijheden, niet werkt. Ik wil iedereen bedanken die betrokken was bij zijn spoedige arrestatie. Ik zal nu overgaan op mijn motie. De Kamer, gehoord de beraadslaging, constaterende dat tbs'ers door capaciteitsgebrek moeten wachten op behandeling en daardoor aanspraak maken op schadevergoedingen; overwegende dat de samenleving hierdoor dubbel betaalt: voor behandeling én voor compensatie aan veroordeelden; overwegende dat dit het rechtvaardigheidsgevoel schaadt en het draagvlak voor het rechtssysteem ondermijnt; van oordeel dat het onwenselijk is dat tbs'ers financieel profiteren van falend overheidsbeleid; verzoekt de regering zich maximaal in te zetten om te voorkomen dat tbs'ers financieel profiteren van capaciteitsgebrek, bijvoorbeeld door verrekening van schadevergoedingen met vergoedingen aan slachtoffers, opgelegde boetes en maatregelen, alsmede met kosten van detentie en behandeling, en gaat over tot de orde van de dag. De voorzitter: Deze motie is voorgesteld door het lid Schilder. Zij krijgt nr. 1114 (24587). Mevrouw Paulusma (D66): Dank u wel. Dan gaan we luisteren naar mevrouw Straatman, die namens de fractie van het CDA spreekt. Gaat uw gang."
ChristenUnie,"De heer Ceder (ChristenUnie): Voorzitter. Gisteren heeft de Kamer steun verleend voor een debat over de sluiting van de zorgvilla's voor zeer ernstig meervoudig gehandicapte kinderen. De minister heeft gegarandeerd dat er een passende oplossing wordt gevonden. Die garantie is alleen niets waard zolang de sluiting alsnog op korte termijn dreigt te gebeuren. Er is al minder personeel en er wordt ook al minder zorg geboden. Omdat ouders en kinderen daardoor in grote onzekerheid verkeren, moeten we het hier heel snel met de minister over hebben. Ik doe daarom het verzoek om het debat deze week te laten plaatsvinden, bijvoorbeeld donderdagavond, en anders uiterlijk dinsdag. Het kan wat mij betreft met een korte spreektijd van twee minuten per fractie. Dit verzoek doe ik mede namens GroenLinks-PvdA, SP, SGP, PVV, JA21, BBB, DENK, Partij voor de Dieren, 50PLUS, Volt en Forum voor Democratie."
GroenLinks-PvdA,"Mevrouw Westerveld (GroenLinks-PvdA): Ik werd al genoemd in het rijtje, maar volledige steun. Wij krijgen berichten van ouders die echt in paniek zijn en niet weten welke oplossingen er voor hun kind komen. Het gaat hier om de levens van kinderen. De minister heeft ons een belofte gedaan. Laten we ervoor zorgen dat de minister zich aan die belofte houdt."
CDA,"Mevrouw Tijmstra (CDA): Voorzitter. Allereerst denk ik dat het heel belangrijk is dat er zo snel mogelijk een passende oplossing komt voor deze kwetsbare kinderen. We hebben vandaag een brief gekregen van de minister, waarin zij nogmaals aangeeft dat er keihard gewerkt wordt aan de continuïteit van zorg. Zij geeft ook aan dat een gesprek op hele korte termijn die kinderen niet gaat helpen. Het CDA wil heel graag het debat met elkaar voeren, niet op donderdagavond, maar wel op kortere termijn. Daarbij moeten we ook kijken naar de oorzaken hiervan. Daar moeten we meer spreektijd voor hebben dan twee minuten. Maar dit specifieke voorstel steunen we niet."
Groep Markuszower,"De heer Claassen (Groep Markuszower): Laat ik vooropstellen dat het schrijnend is. Ik denk dat het een symptoom is van het systeem dat we in Nederland opgetuigd hebben voor de financiering van de zorg. Ik heb daar gisteren in een debataanvraag ook specifiek op gewezen. Daar was geen steun voor. Ik ga niet voor dit voorstel liggen. Overigens, als het moet gebeuren, is dat prima. Alleen, de plenaire agenda is donderdagavond vrijgehouden in verband met Witte Donderdag en ter voorbereiding op Pasen. Mijn voorstel is dus om dat te waarderen en op zoek te gaan naar een ander moment. Ik ga er niet voor liggen, maar het beste is om een beter moment te kiezen."
Groep Markuszower,"Mevrouw Lammers (Groep Markuszower): Voorzitter. Onder punt 4, de stemmingen over de Wijziging van de Vreemdelingenwet 2000, wil ik verzoeken om vandaag alleen over de amendementen te stemmen en niet over het wetsvoorstel. De Kamer moet meer tijd gegund worden om over de amendementen te kunnen nadenken."
DENK,"De heer El Abassi (DENK): Dank, voorzitter. Zoals ik had aangegeven, wil ik twee debataanvragen samenvoegen. Voorzitter. Ik heb hier vaker debatten aangevraagd over de veiligheid van religieuze instellingen. Afgelopen week was het weer raak: een moskee in Almere had weer last van intimidatie en bedreiging. Niet alleen een moskee, maar ook een synagoge is aangevallen. Wat ons betreft is er geen ruimte voor haat, bedreiging en intimidatie. Daarom zou ik het dertigledendebat dat wij hebben staan over de veiligheid van religieuze instellingen willen omzetten naar een meerderheidsdebat."
BBB,"Mevrouw Van der Plas (BBB): Ik twijfel een beetje. Er wordt namelijk ook een antisemitismedebat ingepland en dit valt daar eigenlijk ook onder. Er is nog een debat over terrorisme en extremisme op 27 mei. Er is nog een commissiedebat op 21 mei over discriminatie, racisme en mensenrechten. Dat is dus allemaal veel sneller. Daarom twijfel ik dus een beetje."
Groep Markuszower,"De heer Claassen (Groep Markuszower): Voorzitter. De minister van VRO is misschien nieuw hier, maar heeft ruim 30 jaar ervaring als bestuurder bij het ministerie van Defensie. Daar zou je toch meer van mogen verwachten. Tot nu toe geeft haar handelen niet veel vertrouwen in haar kunde om het parlement juist en tijdig, en overigens ook via de juiste kanalen, te voorzien van informatie. Die informatie is vervolgens ook nog eens onjuist, met als doel te onderbouwen dat we in Nederland met schaarste moeten leven in plaats van investeren om onze welvaart te behouden. In de beantwoording van de schriftelijke vragen wordt niet overtuigend duidelijk wat nu de aanleiding en de overwegingen zijn geweest om haar handelen te rechtvaardigen. We krijgen zelfs nog geen excuus. Daarom wil ik graag een debat met de minister van VRO, en misschien ook wel met de minister-president, om inzicht te krijgen in welke keuze de minister wil maken om de juiste parlementaire wegen te bewandelen. Als dat niet duidelijk wordt, moet de zogenaamde ""D66-pleister"" maar verwijderd worden."
GroenLinks-PvdA,"De heer De Hoop (GroenLinks-PvdA): … gekwalificeerd als een ""beginnersfout"", maar de minister heeft twee keer een brief geschreven en daarmee is wat ons betreft de kous nu af. Ik word ook een beetje moe van de gretigheid op rechts om deze minister het moeilijk te maken. Laten we gewoon debatten voeren over Wonen met deze minister, want daar is behoefte aan."
PVV,Mevrouw Vondeling (PVV): Het COA dwingt gemeenten om opvanglocaties voor asielzoekers langer open te houden en neemt daarbij de gemaakte afspraken met lokale overheden volledig op de hak. Terwijl het hele land bezwijkt onder de asielchaos weigert de minister van Asiel en Migratie de massale instroom te stoppen. In plaats daarvan is hij alleen nog maar bezig met het creëren van nog meer opvangplekken. Vorige week nog smeekte de minister gemeenten om meer opvangplekken. De situatie loopt volledig uit de hand. Daarom wil ik heel snel een plenair debat met de minister van Asiel en Migratie.
Groep Markuszower,"Mevrouw Moinat (Groep Markuszower): Dank u, voorzitter. Ik wil graag in debat met de minister van Langdurige Zorg, Jeugd en Sport over het bericht Honderden onhandelbare jongeren voor miljoenen gedumpt op vakantieparken. We hebben vanmorgen in het mondelinge vragenuurtje de minister bevraagd, maar alle Kamerleden die haar bevraagd hebben, hebben nog niet het gewenste antwoord gekregen, vandaar een debataanvraag."
JA21,"Mevrouw Coenradie (JA21): Voorzitter. Er is zo ontzettend veel mis in de jeugdzorg en volgens mij is er toch echt brede ontevredenheid in de Kamer over de antwoorden. Het is steeds te kort om het bij een mondelinge vraag dan wel een commissiedebat te bespreken, dus ik zou heel graag voor de jeugd en de jeugdzorg, en alle misstanden die daarbij aanwezig zijn, zo snel mogelijk een plenair debat willen aanvragen."
PVV,"Mevrouw Van Meetelen (PVV): Voorzitter, ik heb het volgende. Mevrouw Coenradie had vanmorgen ook deze debataanvraag erop staan. Die is eraf gehaald, om een breder debat ervan te maken. Ik zou dat ook eventueel willen, maar dan wel met de zekerheid dat we nu dan ook met z'n allen besluiten om er een breed plenair debat van te maken. Als dat niet het geval is, blijft mijn debataanvraag van daarstraks staan."
D66,"Mevrouw Synhaeve (D66): Steun voor het debat, maar ik bouw toch even voort op wat er net gezegd is, want volgens mij zijn er nog twee andere verzoeken die hier eigenlijk ook aan raken, namelijk die van mevrouw Van Meetelen en mevrouw Coenradie, in ieder geval als het gaat over jongeren in de jeugdzorg in Hoenderloo. Ik denk dus dat de opmerkingen die hiervoor zijn gemaakt, sloegen op de verbreding daarvan naar de jeugdhulp en de jeugdbescherming."
Lid Keijzer,"Mevrouw Keijzer (Lid Keijzer): Ik vroeg in het vragenuurtje gewoon om een brief over twee weken om duidelijk te maken wat ze nou concreet gaat doen. Dit komt namelijk niet uit de lucht vallen. Zoals ze zelf zei, is het beleid vier jaar geleden gewijzigd. Er wordt al vier jaar aan gewerkt. Blijkbaar is er geld over en toch zitten er jongeren — kinderen! — in vakantieparken. Ik wil binnen twee weken een brief over wat ze gaat doen. Steun voor dit verzoek."
GroenLinks-PvdA,"Mevrouw Westerveld (GroenLinks-PvdA): Steun, ook voor een brief. Als er dan toch een brief komt, zou ik ook graag een update willen van het excuses- en hersteltraject, dat de jongeren in de gesloten jeugdzorg is beloofd, ook omdat ik in de Voorjaarsnota helemaal niets las over dat excuses- en hersteltraject. Ik had eigenlijk wel verwacht daarover iets te lezen."
Volt,"De heer Dassen (Volt): Dank, voorzitter. Mijn eerste verzoek is hetzelfde verzoek als mijn verzoek van vorige week. Dat gaat erover dat de Amerikaanse wetgever bij tien bigtechbedrijven gevoelige data heeft opgevraagd over Europese ambtenaren en over gesprekken die zij gevoerd hebben. Het lijkt mij zeer verstandig als wij als Kamer een plenair debat voeren over hoe je daarmee omgaat en wat de Europese alternatieven zijn, juist om dit in de toekomst te kunnen voorkomen."
Volt,"De heer Dassen (Volt): Het volgende verzoek gaat over een rechterlijke uitspraak in de Verenigde Staten over de gevoeligheid voor kinderen voor verslaving en hun rechten op dat gebied; Facebook heeft die zaak verloren. Het lijkt mij gezien het belang van die uitspraak verstandig om daar spoedig een debat over te voeren, om ook hier over te gaan op erkenning van deze verslaving en van de gevolgen die die verslaving heeft voor onze samenleving."
JA21,"Mevrouw Coenradie (JA21): Ik heb een punt op de regeling van werkzaamheden gezet, maar ik zag dat er een meerderheid is voor een debatverzoek van het lid Moinat. Ik zou mijn punt op de regeling van werkzaamheden willen intrekken als we dat bij dit verhaal kunnen betrekken, zodat er één groot plenair debat komt."
JA21,"De heer Ceulemans (JA21): Dank, voorzitter. Afgelopen donderdag zagen we een brief van minister Van den Brink aan alle Nederlandse gemeenten. Die brief werd ook wel als ""smeekbrief"" gekwalificeerd en bevatte de oproep om oplopend tot 7.900 nieuwe noodopvangplekken voor asielzoekers en statushouders op te leveren. Het asielbeleid loopt op alle mogelijke manieren vast, met dit soort lapwerk tot gevolg en met grote gevolgen voor maar geen draagvlak onder de samenleving. Ik verzoek om een debat hierover met de minister van Asiel en Migratie."
JA21,"De heer Van den Berg (JA21): Dank u wel, voorzitter. Ik wil de Kamer vragen om de behandeling van de amendementen over de Cyberbeveiligingswet en de Wet weerbaarheid kritieke entiteiten met een week uit te stellen. We hebben een zeer goed inhoudelijk debat gehad, maar het blijven twee complexe wetten. Zij zijn echter wel belangrijk voor de weerbaarheid van Nederland. Om die amendementen zorgvuldig met de Kamer voor te bereiden, willen wij graag vragen om een week uitstel van de stemmingen."
JA21,"De heer Van den Berg (JA21): Ja. Voorzitter. Uit een bericht vanuit Netbeheer Nederland blijkt dat de kosten voor energie-infrastructuur tot ongekende hoogten zullen stijgen als we op het huidige ondoordachte elektrificatiepad doorgaan. De 269 miljard euro die tot 2040 geïnvesteerd moet worden, moet ergens van betaald worden. In het bericht zien we dat een verdubbeling van de netwerktarieven voor huishoudens een optie is en in 2027 zouden die kosten al met 40% kunnen stijgen. Gezien de huidige energiekosten lijkt het me geen goed idee om huishoudens dit ook alvast in het vooruitzicht te stellen. Daarom wil ik hierover een debat met de staatssecretaris van Klimaat en Groene Groei, en specifiek over netcongestie."
Groep Markuszower,"De heer Markuszower (Groep Markuszower): Ik kom bij het eerste verzoek. Dat is inderdaad namens mevrouw Lammers, maar zij is wel van dezelfde fráctie, die u ""groep"" blijft noemen. Het lid Lammers wil een debat met de minister van Asiel en Migratie over het bericht dat de no-gozones in Europa zich uitbreiden. In dat artikel wordt migratie gezien als het sleutelprobleem en wij willen daar graag een debat over. Onze straten worden namelijk steeds onveiliger, onze dochters kunnen niet meer veilig over straat en onze zussen, moeders en vrouwen ook niet. Daar moet dus iets aan gedaan worden."
BBB,"Mevrouw Van der Plas (BBB): Voorzitter. Steun voor dit debat, maar net als bij de jeugdzorg constateer ik ook hierbij dat er allemaal verschillende, versnipperde verzoeken zijn. Misschien is het handig om die van tevoren te bundelen. Dat maakt de kans op steun voor een debat misschien ook wat groter. Maar ik steun dit debat."
JA21,"De heer Ceulemans (JA21): Voorzitter. Wij vinden het heel urgent dat er gewoon op korte termijn een plenair asieldebat komt. Er zijn net twee verzoeken van mevrouw Vondeling en van mij afgewezen en ik heb niet de illusie dat er voor dit verzoek wel een meerderheid komt, maar ik steun ze bij voorbaat alle drie."
CDA,"De heer Krul (CDA): Voorzitter. Ik spreek niet namens de vereniging voor Volendammers. Er zijn meerdere asieldebatten aangevraagd en ik denk dat het goed is om binnenkort plenair door te praten over asiel, maar laten we dingen dan clusteren en dit soort debatten niet afzonderlijk inplannen. Voor dit verzoek dus geen steun, maar als er zaken samengevoegd kunnen worden, verandert dat mogelijk."
Groep Markuszower,"De heer Claassen (Groep Markuszower): Er wordt uitgegaan van 10 miljard aan zorgfraude. Het wordt steeds duidelijker dat dat maar het puntje van de ijsberg is en ook maar een lage inschatting. Steeds meer berichten duiken op waaruit blijkt dat ons zorgpremiegeld in de zakken van boeven, van tuig, terechtkomt. Zo wordt nu ook drugsgeld door criminelen witgewassen via pgb's, iets waar de Kamer al zo vaak over gesproken heeft en zich over uitgesproken heeft. We zien liever dat de regering dit soort praktijken met voorrang aanpakt in plaats van fors te bezuinigen op de zorg. Waar blijft de Wet integere bedrijfsvoering?"
Groep Markuszower,"De heer Claassen (Groep Markuszower): Die wet ligt ondertussen al twee jaar op de plank, voorzitter. Daarom wil ik graag een debat met de ministers van VWS en JenV om te bespreken hoe zij deze ellende binnen hele korte tijd de kop in gaan drukken, criminelen op gaan pakken en het geld terugstorten op de rekening van VWS."
SP,"De heer Jimmy Dijk (SP): Voorzitter. Heel goed dat we het vaker gaan hebben over het aanpakken van zorgfraude in plaats van hier steeds krokodillentranen te huilen over dat de zorgkosten de pan uit rijzen. We moeten zorgfraude aanpakken, ervoor zorgen dat zorg voor iedereen weer betaalbaar is en inderdaad beginnen bij de boeven die hun zakken vullen ten koste van zieke mensen."
GroenLinks-PvdA,"Mevrouw Westerveld (GroenLinks-PvdA): Wel steun. Als we met elkaar het aanpakken van zorgfraude belangrijk vinden, dan moeten we het er ook met elkaar over hebben. Ik heb het dan over zorgfraude van organisaties en bedrijven, niet van mensen zelf. Het is goed om dat even te benoemen. We wachten inderdaad al twee jaar op een wet. De Kamer vraagt ook voortdurend: stuur die wet nou eens naar de Kamer. Laten we daar maar een plenair debat over hebben."
PVV,"De heer Chris Jansen (PVV): Dank u wel, voorzitter. Vorige week stond ik hier omdat de halve kottervloot niet kon uitvaren vanwege de dure dieselprijzen. Nu bereikte ons het bericht dat de Vissersbond vreest dat de hele vissersvloot, de hele kottervloot, niet kan uitvaren vanwege de gestegen dieselprijzen. Daarom verzoek ik wederom om een debat met de staatssecretaris van Landbouw, Visserij, Voedselveiligheid en Natuur en dit dan graag op korte termijn."
SP,"Mevrouw Beckerman (SP): En in plaats van felicitaties zou ik graag de steun van collega's willen vragen voor een debat over het bericht ""Bouw van minstens zeven megadatacenters gaat door, ondanks politiek verzet"". Ik hoef dat volgens mij niet verder toe te lichten. Het leek mij goed om daarbij de minister van VRO uit te nodigen. Waarschijnlijk is het ook wel slim om de minister van KGG en de staatssecretaris van EZ uit te nodigen. Ik hoop nu natuurlijk op brede steun."
BBB,"Mevrouw Van der Plas (BBB): Dank u wel, voorzitter. U en ik hebben vandaag een feestje te vieren en een paar anderen in deze Kamer ook, zoals de heer Grinwis en mevrouw Bikker. Het is vandaag namelijk precies vijf jaar geleden dat wij hier — nou, niet hier, maar in het oude Tweede Kamergebouw — werden beëdigd, namelijk op 31 maart 2021. Er is een lustrum te vieren, dus ik hoop ook op steun voor mijn debatten."
BBB,"Mevrouw Van der Plas (BBB): Nee, iedereen die vandaag een lustrum viert: van harte gefeliciteerd! Het waren roerige jaren; nog steeds. Voorzitter. Ik sta hier om een debat aan te vragen — dat moet zo snel mogelijk maar in ieder geval voor de zomer plaatsvinden — met de minister en de staatssecretaris van Landbouw, Visserij, Voedselzekerheid en Natuur naar aanleiding van de Kamerbrief die wij vrijdag hebben ontvangen over de Samenhangende aanpak Landbouw, Natuur en Stikstof. In het commissiedebat hadden wij het stikstof- en mestdebat al even uitgesteld, omdat we aan het wachten waren op een brief. Die brief is er nu. Ik las in de brief dat er ook nog wat brieven komen binnenkort. Omdat dit zo'n groot en veelomvattend onderwerp is, lijkt het me goed om daar een debat over te houden in de plenaire zaal en wel zo snel mogelijk, maar in ieder geval voor de zomer."
GroenLinks-PvdA,"Mevrouw Bromet (GroenLinks-PvdA): Voorzitter. Volgens mij hadden we het debat deze week uitgesteld, omdat we nog zaten te wachten op een andere brief. Dat was een brief over een plan om de stikstofcrisis op te lossen. Ik steun het verzoek voor een plenair debat, maar dan wil ik wel graag eerst die brief gezien hebben. Anders praten we in de lucht."
BBB,"Mevrouw Van der Plas (BBB): Mijn volgende verzoek, ja! Een gerenommeerde ecoloog, Luigi Boitani, heeft zich uitgelaten over het wolvenbeleid in Nederland. Hij constateert ook dat de wolf zich razendsnel aan het aanpassen is en dat de wolf zelfs al zodanig aangepast is dat hij het stadspark in Groningen zou kunnen krijgen als leefgebied. Dat zijn niet mijn woorden, maar zijn woorden. Vervolgens lezen we over het gedrag van wolven die zich mengen onder de mensen. Dat is weliswaar in Duitsland. Daar is een vrouw in het gezicht gebeten in Hamburg. Ook is er vanochtend een wolf doodgereden op de A1. In 2025 waren er ongeveer duizend aanvallen op vee. Dat aantal loopt steeds meer op. Het zijn geen incidenten meer, maar dat is structureel."
BBB,"Mevrouw Van der Plas (BBB): Van veeartsen horen wij dat zij inmiddels met PTSS-klachten kampen door wat zij in de weilanden aantreffen. Kortom, ik denk dat het hoog tijd is om een debat te houden over de aanwezigheid van de wolf in Nederland en over wat wij verder willen. Dat debat zou ik graag willen doen met de staatssecretaris van LVVN."
SP,"De heer Jimmy Dijk (SP): Ja! Het is een supermooie dag. Het was afgelopen weekend in Brussel echt hartstikke leuk. We hebben een prima weekend gehad. Ik hoop daarmee ook op uw vrolijkheid en uw steun voor een zeer serieuze zaak. Het gaat over oudere mensen die werkloos raken. We weten al jaren dat zij door werkgevers als kostenpost worden gezien, in plaats van dat ze een reële, eerlijke kans maken om een baan te krijgen als ze solliciteren. Daarvoor wil ik graag een debat aanvragen met de minister van Sociale Zaken en Werkgelegenheid."
SP,"De heer Jimmy Dijk (SP): Ik zal haar zo meteen even bellen om te zeggen dat ik het gebruikt heb om een meerderheid te krijgen, maar dat het niet gelukt is. Maar dank voor de felicitaties. Mijn tweede verzoek gaat over het debat dat we afgelopen week ook hebben gevoerd. We zien dat de energiecrisis en de betaalbaarheidscrisis in Nederland steeds verder toenemen. Die nemen niet af maar toe. Voordat we een nieuw debat ingepland hebben, ben ik bang dat we weken verder zijn. Ik zou hier dus graag een debat willen hebben over de oplopende inflatie en de stijgende kosten van basisbehoeften in Nederland. Dat zou ik graag willen doen met de minister van Economische Zaken."
SP,"De heer Jimmy Dijk (SP): Voorzitter. Ik tel, denk ik, weer 30 leden. Ik zal het de komende weken ook blijven doen, dus dan weten jullie dat. Zoals mevrouw Van der Plas dit bij de wolf doet, vind ik dat dit bij de betaalbaarheidscrisis van Nederland moet, want dit probleem wordt niet kleiner, maar zal groter worden. En ja, richting D66 gezegd, daar moet je iedere week een debat over voeren."
Groep Markuszower,"De heer Markuszower (Groep Markuszower): Ja, voorzitter, voor een debat met de minister-president, zelfs, over hoe zijn kabinet met de Kamer denkt om te gaan. Vorige week is met een slinkse truc een begroting erdoorheen gejast. De meerderheid van de Kamer heeft onder bepaalde voorwaarden voor de begroting van de heer Sjoerdsma gestemd. Die voorwaarden zijn een week later verbroken. Tevens meent de heer Sjoerdsma te kunnen denken dat UNRWA niet geïnfiltreerd is door de terroristen van Hamas, terwijl er heel veel bewijs is dat dit wel zo is. Dus graag een debat met de minister-president, want zo gaat dit natuurlijk niet. Als de Kamer zich buitenspel laat zetten, wat doen we hier dan de hele dag?"
Lid Keijzer,"Mevrouw Keijzer (Lid Keijzer): Maar dit is te makkelijk. Deze regering heeft een minderheid van 66 zetels. Er is een debat geweest over de regeringsverklaring. Toen is er van een groot gedeelte van de Kamer welwillendheid geweest om ze een kans te geven. Als je vervolgens, omdat je met z'n 66'en iets afgesproken hebt, denkt dat je op zo'n manier over de Kamer heen kunt walsen, dan gaat er iets fundamenteel mis. Steun, dus."
GroenLinks-PvdA,"Mevrouw Kröger (GroenLinks-PvdA): Voorzitter. Ook wij hebben vragen over hoe de steun aan UNRWA, die er keihard moet komen, daadwerkelijk gematerialiseerd wordt. Daar hebben we informatieverzoeken over gesteund. Er komt een brief, waarover we morgenochtend gaan debatteren met de minister. Dus geen steun."
JA21,"De heer Ceulemans (JA21): Voorzitter. Ik kan me ook heel goed vinden in de woorden van mevrouw Keijzer. Maar collega Hoogeveen heeft gisteren een brief gevraagd, die betrokken wordt bij het debat van morgen. Morgenochtend is er dus een debat over. Mochten de brief en het debat daar aanleiding toe geven, dan is een plenair debat volgende week prima, maar voor nu wachten we nog op morgenochtend."
GroenLinks-PvdA,"Mevrouw Piri (GroenLinks-PvdA): Dank u wel, voorzitter. Volgens mij waren we gisteren van links tot rechts geschokt over het besluit van de Israëlische regering en de Knesset om de doodstraf uit te breiden, opnieuw leven in te blazen en dan ook alleen maar toe te passen op Palestijnen. Wij hebben vorige week, toen dit eraan zat te komen, in de commissie Buitenlandse Zaken de minister al urgent om druk gevraagd. Nu is het gebeurd en nu is het ook belangrijk dat wij ons hier als Kamer urgent over kunnen uitspreken. Het hoeft geen lang debat te zijn. Daarom is mijn verzoek om een kort plenair debat met de minister van Buitenlandse Zaken hierover deze week of uiterlijk volgende week in te plannen. Ik zeg daar meteen het volgende bij, want ik spreek mensen ook in de tussentijd. Mocht daar geen meerderheid voor zijn, dan zou ik graag het verzoek willen doen om het als onderwerp toe te voegen aan het plenaire debat van morgen over christenvervolging."
SP,"De heer Jimmy Dijk (SP): Als er zoiets ongekends als dit gebeurt, als de doodstraf in een land wordt heringevoerd en dan alleen voor een zeker deel van de bevolking, lijkt het me heel goed om daar het debat over te voeren. Volgens mij zegt mevrouw Piri terecht dat dat geen ellenlang debat hoeft te zijn, maar het is wel goed om hier met het kabinet de degens over te kruisen."
GroenLinks-PvdA,"Mevrouw Piri (GroenLinks-PvdA): Dat begrijp ik, voorzitter. Ik wil nog heel kort reageren. Voor de mensen die denken dat het debat morgen niks te maken heeft met Palestijnen: het gaat ook om christenen die worden opgehangen. Voor de mensen die denken dat we hier elke week een debat hebben over Gaza: ik zou het even nagaan, want over het algemeen is daar nooit een meerderheid voor in deze Kamer."
ChristenUnie,"Mevrouw Bikker (ChristenUnie): Voorzitter, dank u wel. Enige weken geleden spraken we in de Kamer over de sluiting van de zorgvilla's voor zeer ernstig meervoudig gehandicapte kinderen. We weten allemaal dat als deze villa's sluiten, ouders in de problemen komen. 185 kinderen staan al op een wachtlijst en de wachttijd is inmiddels tien jaar. Moet u zich voorstellen wat dat betekent voor deze ouders. De minister heeft gezegd: ik ga alles op alles zetten om tot een goede oplossing te komen. Maar vandaag is de dag dat deze villa's zullen sluiten en we zien dat vast personeel langzaam maar zeker toch de deur achter zich dichttrekt. Daarmee staat deze zorg onder druk. Er zijn heel veel lessen te leren over wat er gebeurt als een bedrijf dit overneemt, maar allereerst wil ik het hebben over de gevolgen voor deze kinderen. Ik zou hierover dus, mede namens de SGP, een debat willen aanvragen, ten spoedigste te houden."
GroenLinks-PvdA,"Mevrouw Westerveld (GroenLinks-PvdA): Absoluut steun, voorzitter. Het gaat letterlijk over de levens van deze kinderen. We hebben met de hele Kamer gezegd dat er een oplossing moet komen en de minister heeft ons als Kamer beloofd dat die oplossing er zou komen, maar wij horen hele andere verhalen van de mensen over wie het gaat. Ik vind dat we hier als Kamer een verantwoordelijkheid in hebben. Als een minister ons belooft dat er een oplossing komt, moeten wij er, vanuit onze controlerende taak, voor zorgen dat we de minister daaraan houden. Ik kijk dus ook uitdrukkelijk naar andere partijen om dit verzoek te steunen."
Lid Keijzer,"Mevrouw Keijzer (Lid Keijzer): Bij het vragenuurtje hebben we het over honderden kinderen gehad die een plek hadden in de gesloten jeugdzorg, maar nu in vakantieparken zitten. Dit doet daar ook weer aan denken. Er komt ander beleid, er wordt beloofd dat het wordt opgelost, maar het gebeurt niet. Steun voor het verzoek."
PvdD,"Kamerlid Kostić (PvdD): Dank, voorzitter. In verband met de snelheid van de besluitvorming in Europa en de mogelijk grote impact, doen we het verzoek om een debat over de Food and Feed Safety Simplification Omnibus in te plannen met de staatssecretaris van LVVN, het liefst net na het reces, in de week van 11 mei, maar als het moet, kan het ook in de week daarop. Dit verzoek wordt mede ingediend door het CDA, 50PLUS, de SP, GroenLinks-PvdA, oftewel PRO, D66, DENK en Volt. Daarmee wordt het verzoek door een meerderheid van de Kamer ingediend."
VVD,"Mevrouw Martens-America (VVD): Dank u wel, voorzitter. Het aantal eergerelateerde geweldsgevallen neemt rap toe. 757 gevallen, met helaas ook dodelijke afloop. Een eerwraak zoals die in het geval van Ryan staat ons nog helder op het netvlies, maar er zijn natuurlijk nog heel veel meer gevallen, ook richting mannen, wegens hun geaardheid, of omdat ze zelf geen geweld willen toepassen. Het lijkt ons van essentieel belang om dit hier op de agenda te zetten, helemaal omdat het debat inmiddels drie keer is aangevraagd, maar steeds is vervallen. We willen dan ook vragen om dit debat voor de zomer in te plannen."
PVV,"De heer Kops (PVV): Voorzitter. De Europese Commissie heeft een brief gestuurd aan alle Energieministers van de Europese Unie. De boodschap is, kort gezegd: het brandstofverbruik moet omlaag, maar de accijnzen moeten dat niet. Het tegenovergestelde moet natuurlijk gebeuren, want die accijnzen moeten wel degelijk omlaag, net als de bemoeizucht van de Europese Commissie. Graag doe ik dus hierbij het verzoek om die betreffende brief van de Europese Commissie aan de Kamer te zenden, met daarbij dan een reactie van het kabinet. Ook verzoek ik een debat met de minister van Klimaat en Groene Groei."
VVD,Mevrouw Müller (VVD): We hebben een plenair debat staan over de energieleveringszekerheid. Daar zou ik dit graag bij willen betrekken. Vandaag was de minister ook bij een extra ingelaste Raad van Ministers in Europa. Ik zou eigenlijk aan het ministerie willen vragen om ons daar snel over terug te koppelen.
SP,"De heer Jimmy Dijk (SP): Voorzitter. Mensen moeten niet onnodig veel onnodige kilometers maken, maar dat doen de meeste mensen ook niet. Maar politici moeten niet mensen gaan zitten aanspreken op minder kilometers maken terwijl ze afhankelijk zijn van hun autootje om op hun werk te komen, tegelijkertijd zien dat de kosten omhooggaan en daar niets aan doen, dus steun voor dit verzoek."
JA21,"De heer Ceulemans (JA21): Dank u wel, voorzitter. Qua onderwerp heeft dit tweeminutendebat een beetje overlap met het commissiedebat Armoede, dat we vorige week hebben gehad. Ook daar ging het over de recente armoedecijfers en de rol van de energierekening daarin, vandaar de volgende motie. De Kamer, gehoord de beraadslaging, constaterende dat de energierekening een belangrijke factor is in de recente stijging van armoede in Nederland; constaterende dat Nederland de hoogste energiebelasting op gas van Europa heft, bedoeld om aardgasgebruik te ontmoedigen, terwijl het overgrote deel van de huishoudens en bedrijven nog afhankelijk is van een aardgasaansluiting; overwegende dat voor veel huishoudens en ondernemers geen reëel alternatief voor gas beschikbaar is, waardoor verdere verhoging van de energiebelasting op gas direct leidt tot hogere vaste lasten zonder gedragsalternatief; overwegende dat juist huishoudens met lage en middeninkomens onevenredig hard getroffen worden door dergelijke lastenverzwaringen; verzoekt de regering af te zien van verdere verhogingen van de energiebelasting op gas, en gaat over tot de orde van de dag. De voorzitter: Deze motie is voorgesteld door de leden Ceulemans en Van den Berg. Zij krijgt nr. 885 (26448). Mevrouw Bromet (GroenLinks-PvdA): Dank u wel. De minister heeft aangegeven vijf minuten nodig te hebben voor de voorbereiding van de beantwoording."
JA21,"Mevrouw Coenradie (JA21): Voorzitter. Wat JA21 betreft is het huidige tempo van de groei van de zorgkosten voor de lange termijn onhoudbaar voor werkende Nederlanders. Dat er iets moet gebeuren, is wat ons betreft logisch, maar ik wil wel een winstwaarschuwing geven: onze steun is niet vrijblijvend. Niet alle onderdelen van het huidige pakket waarmee het kabinet gekomen is, steunen wij. Voor nu steunen wij deze begroting, maar dit is geen garantie voor de toekomst."
GroenLinks-PvdA,"Mevrouw Piri (GroenLinks-PvdA): Dank u wel, voorzitter. Het betreft eigenlijk een informatieverzoek. Onverminderde steun aan Oekraïne is ook een van de pijlers van het Nederlandse veiligheidsbeleid, maar intussen vliegen de kasschuiven ons om de oren, waardoor het voor ons als Kamer eigenlijk steeds moeilijker wordt om precies te zien hoeveel steun er nog naar Oekraïne gaat. Daarom doe ik het verzoek om de volgende informatie, het liefst te ontvangen voor de eerste termijn van het kabinet vanavond. Het betreft een overzicht met de geraamde uitgaven voor steun, ten tweede een overzicht met alle kasschuiven met betrekking tot Oekraïne van 2022 tot en met 2029 en ten derde een overzicht met alle gerealiseerde steun. Ten vierde: kan het kabinet ten slotte ook aangeven of er een verschil is tussen de aan de Kamer gecommuniceerde gerealiseerde steun en de actuele vervangingswaarde van die steun?"
GroenLinks-PvdA,"Mevrouw Piri (GroenLinks-PvdA): Ja, voorzitter. Het verzoek is om een debat over de situatie in het Midden-Oosten, waar reeds een aantal maanden geleden een meerderheid voor was, in ieder geval voor het meireces in te boeken. We zien allemaal wat er gaande is in Libanon en wat er gaande is op de Westbank. Ik vermoed dat de Kamer nog voor het meireces ook over Iran wenst te spreken. Vandaar dit verzoek."
SP,"Mevrouw Dobbe (SP): Van harte steun, want wij stonden hier een aantal weken met een verzoek voor een debat, bijvoorbeeld over de medische evacuatie van kinderen, die toen al superurgent was. Toen zouden deze debatten snel worden ingepland, maar ze staan nog steeds niet ingepland. Wat mij betreft dus voor het meireces, maar het liefst zo snel mogelijk."
DENK,"De heer Van Baarle (DENK): Voorzitter, dank. We hebben dit onderwerp ook net besproken bij het mondelinge vragenuur. Naar de mening van mijn fractie hebben we een onbevredigend antwoord gekregen vanuit de zijde van het kabinet, dus ik zou graag een brief willen vragen van het kabinet met een reactie op het nieuwsbericht dat een schip onder de Nederlandse vlag wapens levert aan Israël en dat dit vaker voor zou komen door middel van het opgeven van een onware bestemming, dan wel spookbestemmingen. We willen graag horen wat het kabinet voornemens is daaraan te doen. Daarover zou ik graag het debat willen voeren met de minister van Buitenlandse Zaken en de minister van Buitenlandse Handel en Ontwikkelingshulp."
Volt,"De heer Dassen (Volt): Voorzitter. Volgens mij willen we als Kamer in grote meerderheid dat we onafhankelijker worden van de Verenigde Staten. Nu zien we toch dat Defensie momenteel lijkt in te zetten op onbemande vliegtuigen die afhankelijk zijn van Amerikaanse technologie. Daar maken wij ons zorgen over, zeker ook omdat de techbedrijven die daarbij betrokken zijn, uitspraken doen die niet passen bij de Nederlandse en Europese waarden. Daarom zou ik daar graag een debat over willen met de staatssecretaris van Defensie."
Volt,"De heer Dassen (Volt): Helaas. Dan het tweede verzoek, nog bizarder. We hebben hier nog niet zo lang geleden een debat gevoerd over Solvinity. Daarbij werd gezegd dat het zeer onwaarschijnlijk zou zijn dat de Verenigde Staten verschillende gegevens zouden opvragen over ambtenaren binnen de Europese Unie. Dat lijkt nu wel het geval. Amerikaanse wetgevers die informatie opvragen bij de tien techbedrijven over informatie van binnen de Europese Unie en over ambtenaren; dat is wat mij betreft onacceptabel en daar zullen we het debat over moeten voeren met de minister van Binnenlandse Zaken en de staatssecretaris van Economische Zaken en Klimaat."
GroenLinks-PvdA,"Mevrouw Kathmann (GroenLinks-PvdA): Ik wil zelfs de heer Dassen danken voor het agenderen, want als we hier niet meer over willen debatteren, weet ik het ook niet meer. Er is echt gevraagd om informatie in encrypted communicatie, in communicatiemiddelen waar gewoon staat ""delete dit meteen"", en dat van ambtenaren. Dit kan echt niet langer."
Groep Markuszower,"De heer Heutink (Groep Markuszower): Voorzitter. Afgelopen week hadden we het commissiedebat Staat van de infrastructuur. De minister deed toch wel het klemmende beroep op ons als Kamer om snel te handelen als we nog wat mee willen geven wat betreft de prioritering richting de grootste onderhoudsopgave ooit. Ik heb daarom de minister beloofd om hier nog deze week een tweeminutendebat te organiseren, zodat we daar moties kunnen indienen. Daarom mijn verzoek om deze week nog een tweeminutendebat daarover te houden."
Groep Markuszower,"De heer Heutink (Groep Markuszower): Yes. Dat gaat over het debat over de economische gevolgen voor Nederland van de oorlog in het Midden-Oosten. De berichten vliegen ons om de oren. Een DNB-rapport, ministers die op televisie wat zeggen: je kunt het zo gek niet bedenken of het komt allemaal wel voorbij. Ik zou de Kamer dus willen vragen om het debat uit te breiden met twee minuten, dus naar zes minuten spreektijd, zodat we het uitgebreid met elkaar, en dus ook met de vier bewindspersonen die daar straks en morgenavond in vak K zitten, kunnen bespreken."
VVD,"Mevrouw Martens-America (VVD): Dank u wel, voorzitter. Het belang van economische groei en een sterke economie is steeds groter; dat blijkt ook de afgelopen weken maar weer. Na Draghi hebben wij ook een Nederlandse variant gekregen, namelijk het rapport-Wennink. Het lijkt mijn fractie dan ook ontzettend belangrijk en nuttig om dat in zijn volle breedte in alle rust hier verder te bespreken. Daarom wil ik daar graag een debat over aanvragen."
Groep Markuszower,"Mevrouw Moinat (Groep Markuszower): Dank, voorzitter. Wederom gaat het mis met de Jeugdbescherming Noord. In het AD viel te lezen: ""Jongen (13) gedumpt op vakantiepark zonder begeleiding, rechter vernietigend over jeugdbescherming"". In juli 2025 kwam het rapport van IGJ en de IJV met de titel Jeugdbescherming Noord - Toezicht jeugdbescherming en jeugdreclassering. Ik citeer: ""De inspecties hebben er geen vertrouwen in dat Jeugdbescherming Noord erin slaagt om álle geconstateerde normafwijkingen binnen afzienbare tijd weg te nemen."" En dan citeer ik weer, nu uit de voortgangsrapportage februari 2026 over het verbeterplan: ""We blijven hard werken aan de verdere verbeteringen in onze organisatie en hebben er vertrouwen in dat dit steeds meer zichtbare en voor onze jeugdigen en gezinnen merkbare en voelbare resultaten zal opleveren."" Maar, voorzitter. Wat blijkt? Jeugdbescherming Noord moet nu voor 30 maart een plek zoeken voor deze jongen die zij gewoon in een vakantiehuisje hebben achtergelaten, zonder hulp."
D66,Mevrouw Synhaeve (D66): Mede namens CDA en VVD geen steun voor dit verzoek. Wij willen eerst veel scherper weten waarom een gecertificeerde instelling keer op keer faalt en waarom ook verscherpt toezicht vanuit de inspectie geen effect heeft. Wij willen daarom eerst een technische briefing. Die zullen wij aanvragen via de procedurevergadering van de commissie.
GroenLinks-PvdA,"Mevrouw Westerveld (GroenLinks-PvdA): Nou, ik ben er gewoon niet zo voor om het hier in een plenair debat over individuele situaties te hebben. Laten we dus die technische briefing houden en laten we het er met elkaar over gaan hebben wat hier allemaal misgaat. Dan kunnen we wat mij betreft op basis van goede informatie op langere termijn een breder debat voeren."
JA21,"De heer Goudzwaard (JA21): Voorzitter. Dat klopt helemaal. Ik doe dit verzoek namens de heer Clemminck. Je zult maar zes, zeven of acht jaar op een wachtlijst staan voor een sociale huurwoning en vervolgens links ingehaald worden door een statushouder als je eindelijk aan de beurt bent. Voor JA21 moet er zo snel mogelijk een einde komen aan de discriminatie van Nederlanders op de woonmarkt. Daarom waren wij ook zo ontiegelijk blij met het wetsvoorstel dat daaraan een eind zou maken. Maar helaas trekt de D66-minister van Wonen dit voorstel weer keihard terug. Daarom vragen we steun voor een debat met de minister van VRO."
FVD,"De heer Van Duijvenvoorde (FVD): De uitslag van de gemeenteraadsverkiezingen heeft aangetoond dat een meerderheid van de Nederlanders van mening is dat er geen asielzoekers meer moeten worden opgevangen. In meerdere gemeenten hebben partijen gewonnen die al gezegd hebben dat zij de Spreidingswet niet willen gaan uitvoeren. Ik heb het dan over Velsen, Epe, Terneuzen, Hoorn, Stede Broec en Venlo. Met het aannemen van de Spreidingswet ging de Nederlandse overheid een belofte aan met de gemeenten om landelijk de instroom te beperken. Deze belofte is zij niet nagekomen. Wij willen daarom graag een debat voeren met de minister van Asiel en Migratie over de houdbaarheid van de Spreidingswet, de noodzaak van sterke nationale instroommaatregelen en de dynamiek tussen de gemeenten en het Rijk."
GroenLinks-PvdA,"Mevrouw Westerveld (GroenLinks-PvdA): Er staat gewoon een commissiedebat over dit onderwerp ingepland, dus het lijkt mij niet wenselijk dat we het debat zowel hier voeren als in de commissiezaal. Bovendien is het ook niet waar wat er werd gezegd. Waar mensen in onze gemeenten wel last van hebben, is dat hier allerlei zaken worden beweerd die niet waar zijn."
BBB,"Mevrouw Van der Plas (BBB): Voorzitter. Drenthe heeft een wolvenprotocol voor het geval dat een wolf wordt gezien bij een kinderopvang of een school. Wie helpt allemaal mee aan zo'n wolvenprotocol? Dat zijn de gemeenten, politie, scholen, kinderopvangorganisaties, wolvendeskundigen en het Landelijk Informatiepunt Wolven. Het is te gek voor woorden. Echt, serieus. Het is te gek voor woorden dat dit moet."
BBB,"Mevrouw Van der Plas (BBB): Ja, ik heb daar een verzoek over. Kinderen krijgen namelijk het advies om binnen te blijven en niet weg te rennen. Ik vraag me echt af hoelang we dit nog normaal vinden. Daarom wil ik graag een debat aanvragen met de staatssecretaris over de wolf en alles wat daarmee te maken heeft, mede omdat provincies ook vragen om snelle actie. Een debat hierover is dus echt op korte termijn noodzakelijk."
ChristenUnie,"Mevrouw Bikker (ChristenUnie): Dank u wel, voorzitter. Inmiddels doe ik dat ook mede namens de SGP. Voorzitter. Gisteren werd bekend dat de abortuspil, waarvan het eerder mogelijk is gemaakt dat die verstrekt wordt door de huisarts, inmiddels ook online verstrekt gaat worden. Dat is naar de mening van mijn fractie een verder uithollen of oprekken van de Wet afbreking zwangerschap en geeft een nieuwe interpretatie aan deze wet. Met een nieuwe interpretatie van de wet vind ik het tijd dat hier eerst een debat wordt gevoerd door de wetgever. Ik vind het ontzettend onverstandig en helaas ook heel onzorgvuldig als deze zware medicatie via internet verstrekt zou worden. Daarom doe ik het verzoek om een debat."
Groep Markuszower,"De heer Claassen (Groep Markuszower): Voorzitter. Nota bene uit een buitenlands blad moet de Kamer vernemen wat mogelijk de ideeën zijn van de minister van VRO. Volgens die minister moeten we terug met de bouwsnelheid. Perfectie is niet haalbaar. Ze heeft het over eenvoudige, gestandaardiseerde eisen. Dat is allemaal mooi, maar het gaat betekenen dat we in een klein hutje moeten gaan wonen. Ze waarschuwt Nederland dat we niet zo door kunnen gaan. Het elektriciteitsnet is overbelast en mensen moeten hun leefstijl aanpassen aan het klimaatbeleid van deze regering. Ze vergelijkt haar ervaringen met Afghanistan: beperkte middelen dwingen tot prioriteiten stellen. Maar — ik ben er bijna, voorzitter — we wonen niet in Afghanistan. We wonen in een van de rijkste landen van de wereld. Ik wil daarom voor het meireces een debat met de minister van VRO om te achterhalen wat nou precies haar prioriteiten zijn. Ik wil dat niet vernemen uit een buitenlands blad. Ook wil ik weten of dat de prioriteiten van een Kamermeerderheid zijn."
BBB,De heer Vermeer (BBB): Steun. Ik wil een aanvullend verzoek doen. Ik wil graag een brief van het kabinet als reactie op dit artikel. Die brief wil ik graag ontvangen voordat morgen het debat begint over de economische gevolgen van de oorlog in het Midden-Oosten voor Nederland. Ik wil namelijk weten of dit een breed gedragen idee is binnen het kabinet over hoe Nederlanders wel of niet beperkt zouden moeten worden in hun leven.
PVV,"De heer Chris Jansen (PVV): Dank u wel, voorzitter. Helaas ontkomen ook onze vissers niet aan de explosieve stijging van de brandstofprijzen. We hebben vanmorgen mogen vernemen dat de helft van de Nederlandse vissers, de boomkorvissers, niet zal uitvaren, omdat de kosten gewoon te hoog worden. Dus mijn verzoek is een debat. Ik had gevraagd om de minister van IenW, maar bij nader inzien is het misschien slimmer om een debat te hebben met de staatssecretaris van LVVN, om hierover van gedachten te wisselen."
Groep Markuszower,"De heer Heutink (Groep Markuszower): Voorzitter. Het is ongelofelijk zorgelijk, maar we hebben morgen een debat over de brandstofprijs. Ik heb net geprobeerd om de spreektijd met twee minuten te verhogen om het ook over dit soort dingen te kunnen hebben, die ook enorm belangrijk zijn. Maar goed, daar wordt geen steun voor verleend. Dus ja, nu geen steun, maar laten we het dan morgen maar proberen op een of andere manier."
BBB,"Mevrouw Van der Plas (BBB): Voorzitter. Als we op het debat moeten wachten dat de heer Jansen nu aanvraagt, zijn alle vissers al failliet. Morgen is er een debat over de economische gevolgen van de oorlog in het Midden-Oosten. Daar kan iedereen dit uitgebreid bij betrekken. Er is ook nog een commissiedebat Landbouw- en Visserijraad deze week. Daar kan het ook bij betrokken worden. Dus dat is beter. Als we de vissers willen redden, moeten we dat op die manier doen en niet wachten op een debat dat over een jaar ingepland wordt, hoe sympathiek het verzoek ook is."
Groep Markuszower,"Mevrouw Moinat (Groep Markuszower): Dank, voorzitter. Dank aan de heren in vak K. Ik heb vier moties. De Kamer, gehoord de beraadslaging, verzoekt de regering om binnen de beleidsondersteunende budgetten van Artikel 2 voor 2027 en 2028 rekening te houden met een verlenging van de subsidieactiviteiten van 2026 van het Armoedefonds voor het verstrekken van basisproducten aan mensen met een laag inkomen, en gaat over tot de orde van de dag. De voorzitter: Deze motie is voorgesteld door het lid Moinat. Zij krijgt nr. 95 (36800-XV). De Kamer, gehoord de beraadslaging, constaterende dat de maximale duur van de WW-uitkering momenteel 24 maanden bedraagt; overwegende dat deze duur werknemers voldoende tijd moet bieden om passend werk te vinden en financiële zekerheid te behouden tijdens de zoektocht naar nieuw werk; verzoekt de regering de maximale duur van de WW-uitkering op 24 maanden houden, en gaat over tot de orde van de dag. De voorzitter: Deze motie is voorgesteld door het lid Moinat. Zij krijgt nr. 96 (36800-XV). De Kamer, gehoord de beraadslaging, constaterende dat werken voor veel Nederlanders financieel onvoldoende loont ten opzichte van het ontvangen van een uitkering; overwegende dat een structurele verlaging van lasten op arbeid kan bijdragen aan een grotere financiële prikkel om te werken; verzoekt de regering te onderzoeken hoe lasten op arbeid structureel verlaagd kunnen worden, zodat werken netto meer oplevert dan een uitkering, en de Kamer hierover te informeren, en gaat over tot de orde van de dag. De voorzitter: Deze motie is voorgesteld door het lid Moinat. Zij krijgt nr. 97 (36800-XV). De Kamer, gehoord de beraadslaging, constaterende dat jaarlijks veel mensen deelnemen aan re-integratietrajecten met als doel terugkeer naar de arbeidsmarkt; overwegende dat het van belang is om inzicht te hebben in hoeveel deelnemers via deze trajecten duurzaam aan het werk komen; verzoekt de regering inzichtelijk te maken hoeveel mensen via re-integratietrajecten duurzaam aan het werk komen, en gaat over tot de orde van de dag. De voorzitter: Deze motie is voorgesteld door het lid Moinat. Zij krijgt nr. 98 (36800-XV). De heer Krul (CDA): Dank u wel. We hebben het voor elkaar gekregen om 56 moties en 15 amendementen in te dienen. Die moeten allemaal geapprecieerd worden. We hebben ook nog best een lijstje met dingen die in de tweede termijn terugkeren of daarin nog verder behandeld worden. Ik stel voor dat we een halfuur gaan schorsen, tot 23.50 uur. Ik heb heel veel begrip getoond. Ik hoop dat we straks wat begrip kunnen terugkrijgen, want we doen maximaal één interruptie per motie, met een korte vraag, en meer niet. Ik vraag het kabinet te appreciëren onder verwijzing naar het debat. Ik schors dan nu voor een halfuur, tot 23.50 uur."
VVD,"De heer Ellian (VVD): Dank u wel, voorzitter. Afgelopen week werd Nederland opgeschrikt door twee laffe terroristische aanslagen: één op een synagoge in Rotterdam en één op een school in Amsterdam. Ik begrijp dat er inmiddels vier verdachten zijn aangehouden. Daarvoor dank ik de politie en alle betrokkenen die daaraan hebben bijgedragen. Voorzitter. Zondagochtend sprak ik met een vertegenwoordiging uit de Joodse gemeenschap. Het trof mij dat zij tegen mij zeiden: ""Dit is wat je krijgt als je niets doet aan de voedingsbodem van antisemitisme. Dit is wat je krijgt: geweld tegen de Joodse gemeenschap."" Wat is die voedingsbodem dan? Ik en vele collega's hebben er al herhaaldelijk aandacht voor gevraagd: Joodse docenten die niet meer veilig college kunnen geven, mensen die op hun werk moeten uitleggen wat ze van Israël vinden, omdat ze Joods zijn, een hovenier die geen klusje wil doen aan een Joods object, voorstellingen die geannuleerd worden. Zo zijn er talloze voorbeelden. De Joodse gemeenschap heeft één vraag. Dat trof mij, dus die vraag stel ik, via u, voorzitter, aan de minister. Gaan we onze rug een keer recht houden? Gaan we iets doen tegen die voedingsbodem van antisemitisme?"
Lid Keijzer,"Mevrouw Keijzer (Lid Keijzer): Dank, voorzitter. Ik wil graag vragen om onder punt 7, de stemmingen over moties ingediend bij het debat over Iran, de motie-Keijzer/Markuszower op stuk nr. 662 (23432) aan te houden. De voorzitter: Op verzoek van mevrouw Keijzer stel ik voor haar motie (23432, nr. 662) aan te houden. Daartoe wordt besloten."
GroenLinks-PvdA,"Mevrouw Zalinyan (GroenLinks-PvdA): Dank, voorzitter. De inwoners van het dorp Moerdijk zitten al jaren in grote onzekerheid over hun toekomst en de toekomst van hun dorp. Dit soort besluiten zijn ingrijpend. Dat verdient een plenaire behandeling. Er was een meerderheid voor een debat, maar dat is niet ingepland en is vervallen. Bij dezen verzoek ik om een plenair debat over de toekomst van het dorp Moerdijk met de minister van Volkshuisvesting en Ruimtelijke Ordening."
DENK,"De heer Van Baarle (DENK): Voorzitter, dank u wel. Onze lokale kandidaat in Den Haag, Mourad Ouari, was aan het flyeren in Duindorp, Den Haag, werd belaagd en kreeg naar zijn hoofd geslingerd dat hij maar moest oprotten met zijn islamitische zooi. Veel kandidaten van DENK krijgen dit soort verschrikkelijke haat, racisme en islamofobe drek over zich heen. Het gaat om kandidaten die een hoofddoek dragen, kandidaten die zich willen inzetten. Wij staan naast al onze kandidaten. Van onze kandidaten blijf je af. Maar blijkbaar is in Nederland het patroon dat als je je inzet en zichtbaar moslim of islamitisch bent, je dit soort reacties krijgt. Dat moet afgelopen zijn. Daarom wil ik een debat met de minister van Binnenlandse Zaken over de bestrijding van moslimhaat in dit land."
ChristenUnie,"De heer Ceder (ChristenUnie): Ik wil het eigenlijk wel steunen, omdat het niet alleen gaat over een kandidaat met een bepaald geloof. Voor mij is een kandidaat van een politieke partij onheus bejegend. Dus steun. Ik begrijp dat er een commissiedebat is en dat dat sneller zal zijn, maar in ieder geval steun voor het verzoek."
GroenLinks-PvdA,De heer De Hoop (GroenLinks-PvdA): Voorzitter. Ook na de verkiezingen is de woningnood nog steeds een heel groot probleem. Heel veel woningzoekenden komen niet aan de beurt. Daarom lijkt het mij goed om een plenair debat te hebben met de minister van Volkshuisvesting over de woningbouwopgave in Nederland. We hebben in mei een commissiedebat gepland met de commissie Volkshuisvesting. Die zou ik willen omzetten naar een plenair debat met de minister van Volkshuisvesting over de grote woningbouwopgave in Nederland.
GroenLinks-PvdA,"De heer Stultiens (GroenLinks-PvdA): Voorzitter. We hebben een coalitieakkoord. We hebben een regeringsverklaring gehad, maar we wachten nog op de Startnota met de financiële uitwerking voor de komende vier jaar. Die schijnt eraan te komen. Dat is goed nieuws. Daarom lijkt het me verstandig om voor het meireces een plenair debat in te plannen over de Startnota, met de minister en staatssecretaris van Financiën."
GroenLinks-PvdA,"De heer Stultiens (GroenLinks-PvdA): Ja, het tweede verzoek gaat over de hypotheekrenteaftrek, een bekende aftrek. In de campagne ging het er vaak over. Er werd beloofd dat hij zou worden afgebouwd. En wat is de uitkomst? Hij wordt verruimd de komende jaren. Ook dit vraagt om een debat, met de staatssecretaris van Financiën."
JA21,"De heer Van den Berg (JA21): Dank, voorzitter. Onze leveringszekerheid is in gevaar. Gasunie waarschuwt dat de Europese Unie onvoldoende is voorbereid op een langdurige verstoring van de aardgaslevering en dat uitval van aanvoer uit Noorwegen of de Verenigde Staten tot een nieuwe gascrisis kan leiden. Topsector Energie waarschuwt tegelijk dat sabotage van leidingen, kabels en andere energie-infrastructuur allang geen theoretisch risico meer is. Terwijl die waarschuwingen er liggen, zijn de Nederlandse gasopslagen vandaag nog maar voor 7,1% gevuld en bedraagt de gemiddelde landelijke adviesprijs voor Euro 95 inmiddels €2,50 per liter. Daarom vraag ik een debat aan met de minister van Klimaat en Groene Groei over de vraag of Nederland nog wel voorbereid is op oorlog, sabotage en een langdurige verstoring van onze energieaanvoer."
D66,"De heer Klos (D66): Voorzitter. Wat mij betreft nodigen we de minister van Klimaat en Groene Groei ook uit bij het debat direct na het weekend over de gevolgen van de oorlog in het Midden-Oosten. Dan kunnen we dat gesprek daar voeren. Als er dan niet genoeg vragen zijn beantwoord, kunnen we er alsnog een apart debat over voeren. Ik ben het ermee eens dat dit debat gevoerd moet worden, maar voor nu dus geen steun."
PVV,"De heer Boon (PVV): Dank u, voorzitter. De meerderheid van de Nederlanders wil minder islam, maar de politieke en bestuurlijke elite doet het tegenovergestelde en dringt die juist verder op. We zien de iftartsunami in stadhuizen, politiebureaus, scholen en zelfs de Tweede Kamer, betaald met belastinggeld. Bestuurders buitelen over elkaar heen om hun inclusiviteit te tonen en blijven maar kruipen voor de islam. Wanneer stopt deze iftartsunami, dit kruipen voor de islam en het steeds verder opschuiven richting de sharia? Wanneer gaat de regering deze ontwikkeling eindelijk keren? Daarover wil ik graag een debat voeren."
PVV,"De heer Boon (PVV): Ja, ik heb zeker een volgend verzoek. Op 4 februari heb ik naar aanleiding van het rapport van de Taskforce Antisemitismebestrijding een debat aangevraagd over antisemitisme. Jodenhaat wordt nu elke dag opener en steeds verder genormaliseerd. Inmiddels zijn er terroristische aanslagen gepleegd op een Joodse school en synagoge. Dit is pure, diepe Jodenhaat die niemand meer kan ontkennen. We moeten zo snel mogelijk een debat voeren over de Jodenhaat die ons land is binnengedrongen. Ik wil uiterlijk volgende week een debat voeren, met daarbij ook de minister-president, want volgens de PVV is de tijd van pappen en nathouden bij Jodenhaat voorbij."
BBB,"Mevrouw Van der Plas (BBB): Voorzitter. Volgens mij staat er al een antisemitismedebat gepland. Ik kan me ook herinneren dat ik een paar weken geleden heb gevraagd om dat debat vlak voor 4 en 5 mei te houden. Volgens mij was dat al eerder. Volgens mij deed de heer Eerdmans dat ook al eerder. Daar wil ik dus even duidelijkheid over. Er staat al een antisemitismedebat, dat al eerder is aangevraagd. Daarvan hebben we gevraagd: plan dat eerder in, in ieder geval voor 4 en 5 mei. Ik zou de heer Boon willen vragen om dit dan bij het antisemitismedebat te betrekken. Dat wil de heer Boon niet. Hij wil hier een apart debat over. Dan begrijp ik niet wat het antwoord is."
JA21,"De heer Ceulemans (JA21): Ik ben het spoor compleet bijster, maar één ding staat als een paal boven water: we moeten zo snel mogelijk een debat hebben over antisemitisme en de dreiging richting de Joodse gemeenschap. Dus steun. Er staan ook nog andere verzoeken op de lijst die daar een beetje mee overlappen. Wat ons betreft voor alles steun en snel inplannen."
CDA,"De heer Krul (CDA): Voorzitter. Wat ons betreft hebben we één debat over antisemitisme voor 4 en 5 mei. Er staan meerdere verzoeken op de regeling. Er is een reeds ingepland debat. Wat ons betreft is het heel belangrijk om dat debat te voeren, maar dan als één debat. Welke we dan precies kiezen, het reeds ingeplande debat of eentje op de regeling, vinden wij iets minder belangrijk. Maar steun daarvoor."
Groep Markuszower,"Mevrouw Lammers (Groep Markuszower): Dank u wel, voorzitter. Recent heeft in Utrecht door 50 straatterroristen een aanslag plaatsgevonden op onze politiemacht. Het ging zo ver dat de politie een stadsbus heeft moeten vorderen om zichzelf te kunnen beschermen, een totale escalatie. De burgemeester van Utrecht heeft het totaal niet onder controle. We moeten nu landelijk ingrijpen en opkomen voor onze mannen en vrouwen van de politie. Daarom wil ik een plenair debat met de minister van Justitie en Veiligheid over dit straatterrorisme en de gezagscrisis in onze samenleving."
BBB,"Mevrouw Van der Plas (BBB): Er is inderdaad het commissiedebat Politie. Dit incident kan daarin meegenomen worden, maar ik hoor mevrouw Lammers nu ook ineens zeggen dat het een debat over de gezagscrisis moet worden. Dat staat niet in het verzoek, maar als er een verzoek wordt gedaan om een debat te houden over de gezagscrisis, dan ga ik dat steunen. Daar heeft Nederland namelijk mee te maken. Maar dan is het handig om dat ook in het verzoek te zetten, want anders krijgen we allemaal gedoe over het commissiedebat en ""ze willen het allemaal niet steunen"". Dat wil ik wel, maar zeg dan gewoon in het verzoek: ik wil een debat over de gezagscrisis."
PVV,"De heer De Roon (PVV): Voorzitter. Dit gaat over het voornemen van de Nederlandse regering om een interventie te plegen in de zaak bij het Internationaal Gerechtshof tegen Israël inzake genocide. Als het zo zou zijn dat er volgens de regels kon worden gehandeld, namelijk dat het alleen maar een juridische interventie mag zijn over de interpretatie van het Genocideverdrag ... Als dat het enige is wat er gebeurt, dan moet dat gebeuren door hoogedelachtbare heren in een ivoren toren. Maar de werkelijkheid is natuurlijk dat deze interventies worden opgesteld door ambtenaren, al of niet gesanctioneerd door de verantwoordelijke bewindslieden. Dan krijg je een andere situatie, want die zijn natuurlijk in meerdere of mindere mate op de hoogte van de feiten en kunnen daar dus op de ene of de andere manier rekening mee houden. Dat dat geen theoretisch idee is, wil ik graag heel kort toelichten, voorzitter."
PVV,"De heer De Roon (PVV): Maar ik wil toch nog wel zeggen dat inmiddels de pers al lucht heeft gekregen van de interventie van de Verenigde Staten en zegt: dat zijn gewoon beschuldigingen. De VS zeggen: die beschuldigingen zijn onjuist. En Nederland dringt erop aan dat het Gerechtshof de uithongering en het tegenhouden van humanitaire hulp gaat onderzoeken. Nu zal dat allemaal best onafhankelijk bedoeld kunnen zijn, maar het kan ook heel anders worden uitgelegd. Daarover ..."
GroenLinks-PvdA,"Mevrouw Piri (GroenLinks-PvdA): Voorzitter. Mijn fractie heeft al heel lang gevraagd om aan te sluiten bij de zaak van Zuid-Afrika. Het is in ieder geval belangrijk dat het kabinet nu eindelijk deze stap heeft genomen. Er staat al een debat over zowel het Midden-Oosten als Palestina gepland. Daar kan dit wat ons betreft onder vallen. Daar is al een meerderheid voor, dus geen steun voor dit debat."
DENK,De heer Van Baarle (DENK): Voorzitter. Ik had gehoopt dat in plaats van miepen over een interventie bij de genocidezaak hier debatten gesteund zouden worden om die genocide te stoppen en daar wat tegen te doen. Dus geen steun voor dit verzoek. Er staan inderdaad al meerdere debatten over dit onderwerp op de lijst. Die moeten snel worden ingepland.
PVV,"Mevrouw Maeijer (PVV): Dank u wel, voorzitter. Meisjesbesnijdenis en genitale verminking van vrouwen zijn barbaarse vormen van mishandeling. Waar we het over hebben, gaat van het inknippen of verwijderen van de clitoris of de schaamlippen tot het dichtnaaien van de vagina, met als gevolg pijn, bloedingen, infecties en problemen bij de bevalling. Het is een praktijk waardoor meisjes levenslang lichamelijk en psychisch zijn verminkt. Het klinkt middeleeuws, maar het gebeurt nog steeds. In Nederland zijn er zo'n 41.000 vrouwen genitaal verminkt en lopen duizenden meisjes het risico dit ook te ondergaan. Ik zou hier graag een plenair debat over voeren met de minister van VWS."
VVD,"De heer Bevers (VVD): Voorzitter. Dit is inderdaad een belangrijk punt. De VVD en ook andere fracties vragen hier regelmatig aandacht voor. Ik zou mevrouw Maeijer willen adviseren om in plaats van een apart debat te voeren, het samen te voegen met het debat dat inmiddels op de negende plek van de langetermijnplanning staat, namelijk het debat over familierecht in relatie tot femicide, aangevraagd door collega Mutluer. Dat lijkt mij veel sneller aan de orde."
BBB,"Mevrouw Wiersma (BBB): Dit is een heel belangrijk onderwerp. Ik vraag me wel het volgende af. Ik heb even gemist wat de woorden van de heer Bevers waren, omdat ik met mevrouw Van der Plas in gesprek was. Ik vraag me af of het in de commissie voor VWS thuishoort, omdat VWS echt gaat over Nederlandse zorg en het verboden is in Nederland. Van harte steun dus voor het debat, maar misschien zou de minister van Justitie en Veiligheid daar dan ook bij betrokken moeten worden."
PVV,"Mevrouw Maeijer (PVV): Voorzitter, dank. Vorige week ontvingen we een indringende brief van mevrouw Jacobs. Zij is 46 jaar en heeft uitgezaaide borstkanker. Het medicijn ENHERTU, dat haar leven zou kunnen verlengen, is in Nederland alleen voor mensen met een ander type borstkanker verkrijgbaar. In diezelfde week besloot farmaceut BioMarin om helemaal geen aanvraag in te dienen voor de vergoeding van het groeimedicijn Voxzogo, een middel dat al in meer dan 50 Europese landen beschikbaar is. Daarmee komt het niet op de Nederlandse markt, met alle gevolgen van dien voor patiënten en hun naasten. Het zijn slechts twee geneesmiddelen die ik benoem, maar het probleem is breder. Ik zou daarom graag een debat willen aanvragen met de minister van VWS, over de toegang tot geneesmiddelen in Nederland."
CDA,"De heer Krul (CDA): Voorzitter. Daar sluit ik me bij aan. Het is zorgwekkend dat het Zorginstituut zichzelf heeft uitgesproken tegen een farmaceut. Ik denk dat het goed is dat we, als je het bijvoorbeeld hebt over het middel Voxzogo, in algemene zin praten over de toegang tot geneesmiddelen. Dat is ook de debataanvraag van mevrouw Maeijer. Daar geven wij steun aan."
Groep Markuszower,"De heer Heutink (Groep Markuszower): Voorzitter. Ik zeg het hier nog maar een keer: de brandstofaccijns moet echt omlaag. Terwijl het kabinet doet alsof we allemaal wel kunnen wachten, werd vanochtend bekend dat de landelijke adviesprijs voor een liter benzine inmiddels €2,50 is. Dat heeft funeste gevolgen voor onze economie. Alles wordt onbetaalbaar. Nu zijn het de rijscholen die hun tarieven moeten verhogen, maar ik garandeer u: straks zullen het nog veel meer sectoren gaan worden. Elke dag dat we langer wachten met het verlagen van de accijnzen, is een dag waarop we opnieuw schade aan onze economie berokkenen. Ik wil dan ook een debat met de minister van IenW en de minister van Financiën om te praten over de brandstofaccijnzen en, als het even kan, zo snel mogelijk."
GroenLinks-PvdA,De heer De Hoop (GroenLinks-PvdA): Voorzitter. Ik zou dat zelfs nog willen overtoepen met het feit dat de heer Heutink hetzelfde verzoek op 10 februari heeft gedaan en daar ook gewoon steun voor heeft gekregen. De heer El Abassi heeft vorige week ook hetzelfde verzoek gedaan. Er staat een debat ingepland waar dit prima bij betrokken kan worden. Het lijkt me dus niet nodig om dit verzoek elke week opnieuw te doen.
BBB,"Mevrouw Van der Plas (BBB): Voorzitter. Dit is gewoon een heel belangrijk onderwerp. Dat onderken ik. Dit kan ook in verschillende commissies. Iedereen staat hierover debatten aan te vragen, wat ik terecht vind, want mensen hebben gewoon nou eenmaal moeite met het betalen van hun benzine. Maar dit gaat wel heel specifiek richting IenW, over de rijscholen. Het is zo veel breder. Ik wil het wel steunen, maar ik geef dit wel even mee. Dit gaat echt over één onderwerp. Wij zullen het in het debat breder trekken. Dat zou ik andere Kamerleden dan ook …"
Groep Markuszower,"De heer Claassen (Groep Markuszower): Ik begin met mijn eerste verzoek. Ik weet niet meer welke dat was. De basiliek in Rome bezoek je bij voorkeur niet met een T-shirt aan, maar je bedekt je armen. Als je in Scandinavië een huis betreedt, dan doe je netjes je schoentjes uit. Dat is allemaal prima. Maar in Nederland faciliteer je als school zeker geen iftars waarbij de consequentie is dat je accepteert dat je meer dan 50 jaar terug geslingerd wordt in de tijd. Jongens en meisjes worden namelijk gescheiden. Dat is ook helemaal niet de taak en de opdracht van het onderwijs. Ik ben benieuwd hoe de Kamer dit ziet, maar ik ben ook benieuwd hoe de staatssecretaris denkt deze glijdende schaal van ongewenste secularisatie in het onderwijs tegen te gaan. Ik wil daarover graag het debat voeren."
BBB,"Mevrouw Van der Plas (BBB): Dat kan op 1 april in het debat Discriminatie. Het kan in het debat Vreemdelingen- en asielbeleid van 23 april. Ik zeg met nadruk dat ik vind dat we het hier echt over moeten hebben, maar we willen hier ook snelheid in. Het aanvragen van een debat dat misschien volgend jaar december wordt gehouden, heeft dan niet zo veel zin."
BBB,"Mevrouw Van der Plas (BBB): Ik steun het verzoek, maar ik wil mensen ook echt oproepen om eens te kijken naar die commissiedebatten om te zien wanneer iets sneller kan. Anders wordt dit wel een beetje een soort show elke week door het aanvragen van plenaire debatten. Dat doe ik zelf ook, hoor, met de wolf; daar ben ik eerlijk in. Maar ik zit wel altijd een beetje te zoeken naar snelheid. Ik vind het belangrijk om aan te geven: het kan in een commissiedebat. Ik steun dan toch dit verzoek."
DENK,"De heer Ergin (DENK): Voorzitter. Los van het feit dat de school in kwestie heeft aangegeven dat het zou gaan om ongelukkige communicatie, lijkt het mij totaal onverstandig dat wij het in dit huis gaan hebben over ingangen, ramen, deuren en kozijnen. We moeten gewoon zorgen voor goed onderwijs, waar iedereen zichzelf kan zijn en waar ook ruimte is voor een iftar. Daarom geen steun voor dit voorstel."
VVD,"Mevrouw Michon-Derkzen (VVD): Voorzitter. Mijn fractie heeft hier schriftelijke vragen over gesteld. Ik denk dat het goed is om het erover te hebben, maar dat kan wat mij betreft in een commissiedebat, waarin specifiek kan worden ingezoomd op burgerschapsonderwijs en hoe dit zich daartoe verhoudt. Geen steun voor een plenair debat."
Groep Markuszower,"De heer Claassen (Groep Markuszower): Dan heb ik een tweede verzoek, voorzitter. Deze debataanvraag gaat niet per se over het medicijn Voxzogo. Dat is een medicijn waardoor het leven van kinderen met achondroplasie, dwerggroei, en hun ouders, als je het in een vroeg stadium toedient, er een stuk beter en gezonder uit kan zien. Dit debat gaat wat mij betreft over het systeemfalen van de zogenaamde sluis. De fabrikant heeft besloten geen dossier in te dienen. Het Zorginstituut heeft ervoor gekozen om te gaan vingerwijzen naar de fabrikant. Wij kiezen ervoor om het hele toelatingssysteem voor weesgeneesmiddelen te gaan bekijken. Tegen die achtergrond graag een apart debat."
CDA,"De heer Krul (CDA): Voorzitter. Ik sluit me aan bij de zorgen van de heer Claassen. Die zijn terecht, denk ik. Maar volgens mij hebben we net een debataanvraag van mevrouw Maeijer over de toegang tot geneesmiddelen, en dus de sluis, goedgekeurd. Wat mij betreft voegen we ze samen, want ik vind het wel een heel belangrijk onderwerp. Dus samenvoegen en dan steun."
GroenLinks-PvdA,"De heer Bushoff (GroenLinks-PvdA): Voorzitter. Laat ik zeggen dat ik het heel goed vind dat het Zorginstituut eindelijk een keer de vinger op de zere plek legt en duidelijk maakt hoe verschrikkelijk de praktijken van de farmaceutische industrie zijn, ook als het gaat om dit medicijn. Verder sluit ik me aan bij de woorden van de heer Krul: laten we het samenvoegen."
D66,"Mevrouw Paulusma (D66): Ja, ik heb een heel kort punt van orde. Dat komt omdat het wellicht wat anders gaat dan anders. Wij hadden een verzoek naar aanleiding van de aanslag op een Joodse school, maar we hebben volgens mij net in meerderheid afgesproken dat we een plenair debat voeren over antisemitisme, gepland dichtbij 4 en 5 mei. Ik wilde dat nog even afhechten, want dan halen wij dat punt van de regeling af."
GroenLinks-PvdA,"Mevrouw Westerveld (GroenLinks-PvdA): Dank u wel, voorzitter. Binnenkort praten wij over de grootste stelselwijziging in decennia als het gaat over asiel en migratie. Wij hebben honderden pagina's alleen al aan toelichting bij de wet. Vorige week kwamen daar nog eens 140 pagina's bij aan antwoorden op onze vragen. Nu wil een heel aantal partijen dit volgende week afdoen in een wetgevingsoverleg. Ik denk dat we als Kamer hebben geleerd van wetgeving die onzorgvuldig tot stand is gekomen. Ik zou het heel fatsoenlijk vinden om collega's die om tijd vragen voor de voorbereiding die tijd ook te geven en ook de organisaties die hiermee bezig zijn tijd te geven. Laten we deze wet op een gewone manier behandelen: in deze zaal, met aandacht voor de wet en voor organisaties die ons nog van input willen voorzien. Dat is mijn verzoek. Ik begrijp ook dat het snel moet, dus mijn verzoek dient niet om onnodig te vertragen. Ik verzoek om een plenair debat in deze zaal."
ChristenUnie,De heer Ceder (ChristenUnie): Dit is een debat waarover we het al jaren hebben met elkaar en nu gaan we dit in een commissiezaal voeren. Een plenair debat voeren we omdat we juist zaken willen behandelen waarvan we vinden dat mensen moeten kunnen meekijken via NPO Politiek om te begrijpen wat er gebeurt. Dit gaat over de grootste stelselwijziging sinds de oprichting van de EU als …
VVD,"Mevrouw Michon-Derkzen (VVD): Voorzitter. Zeker geen steun. Maandag een WGO. Ik vind het ook een verkeerd signaal dat alleen plenair belangrijk zou zijn. We hebben elke maandag wetgeving in WGO's. Dat kan met deze wet ook. Als deze wet je niet bevalt en je gaat gillen omdat ik geen steun geef, vind ik dat eerlijk gezegd kinderachtig. Geen steun."
GroenLinks-PvdA,"Mevrouw Westerveld (GroenLinks-PvdA): Nee, voorzitter, dat heb ik gehoord. Er worden wel een aantal zaken gezegd die ik uitdrukkelijk niet heb bedoeld in mijn inbreng en ook niet heb gezegd. Ik druk juist op het belang van zorgvuldige wetgeving. Ik druk juist op het belang dat andere organisaties ons input geven. Ik heb nergens gezegd dat we zitten te fröbelen in een commissiezaal. Ik heb ook niet gezegd dat deze wet ons niet aanstaat. Sterker nog, die wetsbehandeling gaan we nog met elkaar doen."
GroenLinks-PvdA,"Mevrouw Westerveld (GroenLinks-PvdA): Mijn volgende verzoek gaat over dakloosheid, ook een ontzettend belangrijk onderwerp en des te urgenter omdat we vanochtend nog het bericht lazen dat er veel meer incidenten zijn omdat er onvoldoende opvangplekken zijn. Vorige week kwam het bericht dat uit onderzoek van Investico en De Groene Amsterdammer bleek dat zelfs vrouwen die hun huis ontvluchten omdat ze daar een gevaarlijke situatie meemaken, ook vrouwen met kinderen, vaak niet in de opvang terechtkunnen. Volgens mij is er alle reden om het dertigledendebat dat al op de lijst staat, om te zetten in een gewoon debat."
PvdD,"Kamerlid Kostić (PvdD): Dank, voorzitter. Er is al een tweeminutendebat over de AMvB veilige jaarwisseling aangevraagd, maar uit de brief van maandag van de staatssecretaris van IenW blijkt dat het belangrijk is om het debat nog in maart, zo snel mogelijk, af te ronden. Daarom doe ik het verzoek om het tweeminutendebat over het Besluit veilige jaarwisseling nog volgende week in te plannen. Dit verzoek wordt mede ingediend door GroenLinks-PvdA, D66, CDA, SGP, 50PLUS, Volt en ChristenUnie, dus daarmee heeft het volgens mij ook de meerderheid van de Kamer."
Lid Keijzer,"Mevrouw Keijzer (Lid Keijzer): Dank, voorzitter. Toondoof en losgezongen van de werkelijkheid gaf onze Nationaal Coördinator tegen Discriminatie en Racisme afgelopen zondag aan dat hij vond dat er een programmabegeleider moest komen voor moslimdiscriminatie. Nu rammelen de onderzoeken naar moslimdiscriminatie, zoals we inmiddels weten. Al eerder schoot deze nationaal coördinator, de heer Baldewsingh, uit de bocht toen hij op Al-Jazeera zei dat er een oorlog is tegen moslims in Nederland. Daar heeft hij zijn excuses voor aangeboden. Net in het vragenuurtje vroeg ik aan de minister van Justitie: moet er niet eens een functioneringsgesprek komen met deze man, of moet er niet eens naar dat programma gekeken worden, wat we daar nu eigenlijk met z'n allen doen? Hij verwees naar de minister van Binnenlandse Zaken; vandaar mijn verzoek: een debat met de minister van Binnenlandse Zaken. Als daar geen steun voor is, wil ik graag een brief hebben waarin er puntsgewijs ingegaan wordt op hetgeen ik hier nu naar voren heb gebracht."
BBB,"Mevrouw Van der Plas (BBB): Voorzitter. Ik sluit me aan bij de woorden van mevrouw Michon-Derkzen, want het is een heel belangrijk onderwerp. Dat kan ook heel snel. 1 april kan. Het commissiedebat Vreemdelingen- en asielbeleid staat op 23 april gepland, meen ik. Dan moeten we het er dus zeker over hebben. Dan gaat het ook het snelste."
PvdD,"Kamerlid Kostić (PvdD): Voorzitter. De dierenartskosten stijgen hard. Steeds meer mensen die bij de dierenarts komen, kunnen de kosten eigenlijk niet betalen. Mensen worden voor afschuwelijke dilemma's geplaatst en kunnen hun dieren niet de nodige zorg bieden. Als dit kabinet de armoede ook nog eens laat stijgen, loopt het al helemaal uit de hand. De Kamer roept al jaren om maatregelen, maar kabinetten blijven maatregelen voor zich uit schuiven. Het is onacceptabel dat dieren moeten lijden en dat mensen die dieren houden, in onzekerheid blijven. Het is tijd dat …"
PvdD,"Kamerlid Kostić (PvdD): Ja, voorzitter. De overheid heeft jarenlang toegestaan dat staalslakken, het giftige afval van de staalfabrieken, werden gedumpt in onze leefomgeving. De Kamer heeft een motie van de Partij voor de Dieren aangenomen om een totaalverbod in te stellen op de toepassing van staalslakken. Deze opdracht van de Kamer wordt niet volledig uitgevoerd en ondertussen blijven gemeenten met die troep zitten. Zij willen terecht hun bewoners en hun milieu beschermen. Daarom grijpen ze in en stellen ze lokale verboden in. Nu begrijpen we dat het ministerie probeert om gemeenten op te dringen die staalslakken alsnog te accepteren en dus probeert te verbieden dat er een lokaal verbod komt. Ik vind dat onacceptabel. Wat de Partij voor de Dieren betreft laten we gemeenten met rust en gaan wij vooral hier aan de slag om de motie voor het instellen van een totaalverbod uitgevoerd te krijgen, maar een debat hierover is in ieder geval wel terecht. Daarom …"
Groep Markuszower,De heer Claassen (Groep Markuszower): Voorzitter. Wist u dat uit een onderzoek van CNV en EenVandaag onder 451 docenten blijkt dat 43% van de leraren te maken heeft met fysiek geweld van leerlingen of ouders? 85% kreeg te maken met bedreiging of verbaal geweld en meer dan 60% zegt dat de agressie de afgelopen vijf jaar is toegenomen. Dat zijn geen incidenten meer; dit is een ernstig veiligheidsprobleem op scholen. Ondertussen zegt een kwart van de docenten dat zij daarom geen leraar meer willen zijn. Dat is met het huidige lerarentekort natuurlijk een groot probleem. Daarom wil ik een debat met de minister van OCW om helder te krijgen wat er nu echt concreet wordt gedaan om deze problemen in het onderwijs te stoppen.
Groep Markuszower,Mevrouw Lammers (Groep Markuszower): Voorzitter. In de nacht van vrijdag 27 op zaterdag 28 februari heeft een 22-jarige asielzoeker een jonge vrouw mishandeld en geprobeerd haar te verkrachten. Chris Jude is nog niet eens veroordeeld of de volgende dient zich al aan. Niet-westerse migranten zijn tot drieënhalf keer vaker verdachte van seksuele misdrijven. Wanneer gaan de alarmbellen rinkelen? Ik wil daarom een debat met de minister van Asiel en Migratie over hoe hij deze asielzoekers uit ons land denkt te krijgen en hoe hij gaat garanderen dat dit soort gekken nooit meer een stap op Nederlandse bodem gaat zetten.
BBB,"Mevrouw Van der Plas (BBB): Voorzitter. Het verzoek is naar aanleiding van één incident in Rotterdam. Ik hoor nu dat het verzoek eigenlijk veel breder is en gaat over geweldsincidenten met asielzoekers, om een breed debat te voeren over geweld tegen vrouwen, in dit geval door een Marokkaanse asielzoeker. Ik vraag me dus even af: wat is het verzoek nou? Moet het debat gaan over het incident dat in het voorstel staat, over die vrouw die is aangevallen in Rotterdam? Of is het een breed debat? Want dan …"
DENK,"De heer Ergin (DENK): Voorzitter. Ik denk dat het bij de aanvraag met name gaat om de achtergrond van de verdachte. Ik vind het een verschrikkelijke situatie. Wat zich heeft voorgedaan, is echt verschrikkelijk. Dat gun je niemand. Maar de agenda waarbij we het over de achtergronden van daders gaan hebben, wil ik niet steunen. Alleen daarom steun ik dit verzoek niet."
VVD,"De heer Ellian (VVD): Voorzitter. Het is altijd gepast om het slachtoffer eerst even sterkte te wensen. Volgens mij moeten we dat eerst doen hier. Dan wil ik even in algemene zin … Ik doe het heel kort. U kijkt me al streng aan, maar ik ga u tijd besparen, want ik ga in één keer reageren op alle asieldebatverzoeken. Alle debatverzoeken over asiel zijn wat ons betreft belangrijk. We maken ons als VVD-fractie ook zorgen. Maar we vergaderen elke zes weken in de commissie en hebben dan een debat. Ik ga vandaag dus geen verzoeken steunen."
Volt,"De heer Dassen (Volt): Het volgende verzoek gaat over de aanbestedingsregels van de Rijks ICT. Het gaat binnen deze Kamer veel over digitale autonomie, maar de vraag is natuurlijk hoe we die met elkaar gaan bereiken. We spreken veel over individuele casussen, maar we zien nu ook dat de overheid tegen heel veel obstakels aanloopt op het moment dat zij graag onafhankelijker wil worden van de Amerikaanse techbedrijven. Ik zou naar aanleiding van deze berichtgeving graag een brief van het kabinet willen over wat de mogelijke vervolgstappen zijn. Ik zou hier graag ook een debat willen voeren met de minister van Economische Zaken en de staatssecretaris van Digitale Zaken."
VVD,"Mevrouw Rajkowski (VVD): Steun voor het informatieverzoek, niet voor een plenair debat. Maar mocht de heer Dassen morgen in een pv DiZa een voorstel doen om een huidig commissiedebat te verbreden met bewindspersonen of iets nieuws in te plannen, dan zullen we daarnaar kijken. Mede namens CDA en D66."
FVD,"De heer Dekker (FVD): Voorzitter. We lezen in de krant dat er is besloten Oekraïne vanuit Nederland te helpen met de wederopbouw van hun gasinfrastructuur door belangrijke infrastructuurcomponenten te gebruiken van onze Groningse gasvoorzieningen, die we blijkbaar al aan het ontmantelen zijn. Dat is naar de mening van FVD om verschillende redenen ongewenst. Allereerst zou het, gezien de spanningen in het Midden-Oosten, goed kunnen dat we ons Gronings gas op korte termijn weer moeten activeren voor eigen gebruik. We hebben die infrastructuur dan zelf hard nodig. Bovendien verkeert Oekraïne in een oorlogssituatie waarbij door Rusland onder andere de energie-infrastructuur wordt bestookt."
Groep Markuszower,Mevrouw Moinat (Groep Markuszower): Voorzitter. Ik sta hier naar aanleiding van het nieuws dat de top van het UWV zich actief bemoeide met Kamerbrieven van voorgangers van de minister van Sociale Zaken en Werkgelegenheid om het eigen straatje schoon te vegen. Dat is onacceptabel en een regelrechte aantasting van de informatiepositie van deze Kamer. Wij moeten deze regering grondig kunnen controleren en kunnen vertrouwen op de inhoudelijke juistheid van brieven van het kabinet. Daar hoort geen bestuurder van het UWV dwars doorheen te fietsen. Graag wil ik daarover dan ook een debat met de minister van Sociale Zaken en Werkgelegenheid.
ChristenUnie,"De heer Ceder (ChristenUnie): Voorzitter. Dit is belangrijk, maar we hebben morgen zowel een debat over de WIA-problematiek, precies dit onderwerp, als over de SZW-begroting, waar dit onderwerp ook besproken kan worden. Geen steun dus, want morgen zijn er twee gelegenheden om dit onderwerp bij te betrekken."
GroenLinks-PvdA,"Mevrouw Kröger (GroenLinks-PvdA): Voorzitter. Afgelopen zaterdag publiceerde de NRC een reconstructie over hoe de vorige minister van IenW tegen alle ambtelijke adviezen en ook tegen alle juridische en wetenschappelijke adviezen in, maar onder grote druk van een zeer agressieve luchtvaartlobby een Luchthavenverkeerbesluit Schiphol erdoor duwde. Omwonenden, de rechtsstaat en goed bestuur staan allemaal aan de zijlijn. Schiphollen in optima forma! Dit nieuwe kabinet mag dat nu uitvoeren. Ik wil graag een kabinetsreactie op deze reconstructie, inclusief een feitenrelaas en een tijdlijn. Ook wil ik een debat met de minister van IenW over de totstandkoming van het voorliggende luchthavenverkeerbesluit, over de juridische en praktische implicaties ervan, over de rol van de lobby van Schiphol en KLM en over de vraag welke gevolgen we hieraan moeten verbinden."
PVV,"Mevrouw Vondeling (PVV): Voorzitter. Er wordt massaal gefraudeerd met kind-erkenningen om aan verblijfsvergunningen te komen. We hebben het er net bij het mondelinge vragenuur al over gehad, maar om ervoor te zorgen dat de minister snel met maatregelen komt, wil ik toch ook nog een debat hierover aanvragen met de minister van Asiel en Migratie."
ChristenUnie,"De heer Ceder (ChristenUnie): Dank u wel, voorzitter. Mijn verzoek is procedureel van aard. Ik heb uit collegialiteit tot tweemaal toe het plenaire debat verschoven, omdat er actualiteiten van geopolitieke orde waren. Dat maakt echter dat het debat nu vervalt, tenzij ik een nieuw verzoek doe. Wij hebben dit verzoek al twee keer gesteund. Als ik het debat nu niet opnieuw aanvraag, vervalt het definitief, vandaar het verzoek om het debat vóór 31 maart of in de week van 31 maart in te plannen, zodat het in die week gevoerd kan worden. De aanleiding kent u al. Die heb ik namelijk al twee keer zeer uitvoerig toegelicht. Deze samenstelling van de Kamer heeft al ingestemd om dit debat plenair met elkaar te voeren, dus ik hoop op steun voor deze procedurele stap."
GroenLinks-PvdA,"Mevrouw Piri (GroenLinks-PvdA): Voorzitter. We hadden het er net bij de procedurevergadering van Buitenlandse Zaken over. Er staan nu zes voltijdsdebatten gepland, onder andere over vier jaar oorlog in Oekraïne. Er staat ook nog een debat Midden-Oosten gepland en er is een debat over Iran deze week. De heer Ceder probeert dit, maar ik kan moeilijk verantwoorden dat dit meer prioriteit zou hebben dan de oorlogssituaties waar we het over hebben, dus geen steun."
D66,"Mevrouw Vellinga-Beemsterboer (D66): Dank u wel, voorzitter. Volgend jaar moet Nederland voldoen aan de Kaderrichtlijn Water; dat doen we nu nog niet. Uit een rapport van de Rekenkamer bleek kortgeleden dat op veel plekken die doelen nog ver weg zijn, maar ook dat een totaaloverzicht van vergunningen en lozingen ontbreekt. Als we niet weten wat erin gaat en hoe we daar grip op houden, is het moeilijk om die doelen te gaan halen. De tijd dringt, want die deadline van volgend jaar zit ons aan te staren. Daarom willen wij voorstellen hier een debat over te voeren."
GroenLinks-PvdA,"Mevrouw Kathmann (GroenLinks-PvdA): Voorzitter. Een waarschuwing van de geheime diensten moeten we volgens mij altijd serieus nemen. Gisteren kregen we dit bericht: ""Uit inlichtingen blijkt dat Russische statelijke actoren wereldwijd op grote schaal Signal- en WhatsAppaccounts compromitteren en dat Nederlandse overheidsmedewerkers ook doelwit zijn geworden."" Het laat maar weer zien hoe politiek onze techniek inmiddels geworden is. De keuze van de app waarmee we met elkaar praten, welke mailserver we gebruiken, maar ook of we een profiel hebben op een datingwebsite of hardloopapp, maakt ons heel erg kwetsbaar. Het is hoog tijd dat we als Tweede Kamer de informatiebeveiliging van de overheid bespreken. Daarom nodig ik héél graag de staatssecretaris van Binnenlandse Zaken uit om hier met ons over in debat te gaan. Daarbij heb ik ook het volgende informatieverzoek. Ik ontvang graag een brief met meer informatie over de acties van de Russische Federatie en of er inderdaad ambtenaren zijn getroffen. Zo ja, hoe worden zij geholpen om weer cyberveilig te zijn? Ook ontvang ik graag een actuele risicoanalyse van de communicatiemiddelen die nu binnen de Rijksoverheid worden gebruikt. Tot slot wil ik eindelijk dat het onderzoek naar de dataweglek uit de Digitale Werkplek Rijk 2.0 zo spoedig mogelijk openbaar wordt gemaakt, waarbij er zo min mogelijk is weggelakt."
VVD,"Mevrouw Rajkowski (VVD): Geen steun. Dit kan bij het commissiedebat AIVD worden betrokken. Wij geven wel steun aan het informatieverzoek, maar dan zou ik willen vragen om in de brief niet alleen mee te nemen of apps wel of niet veilig zijn maar ook dit specifieke incident dat volgens mij wat meer op phishing leek. Dus ook dat graag in die brief."
JA21,"De heer Ceulemans (JA21): Dank u wel, voorzitter. Afgelopen week was er veel commotie rondom de politie. De uitspraken van de minister en de korpsleiding hebben namelijk de indruk gewekt dat mogelijk honderden of zelfs duizenden agenten uit sensatie in een dossier hebben gekeken. Dat is een zware aantijging richting politiemensen die dagelijks hun werk doen. Het is ook terecht dat de minister en de korpsleiding hun excuses hebben aangeboden, maar dat is wat ons betreft slechts een eerste stap. Ik wil daarom namens collega Coenradie een debat aanvragen over dit onderwerp, waarin we ook nadrukkelijk stilstaan bij de vraag hoe we het beschadigde vertrouwen tussen de agenten en de politietop gaan herstellen. Wat mevrouw Coenradie betreft is het onderwerp ook te groot om in een commissiedebat te behandelen."
Groep Markuszower,"De heer Markuszower (Groep Markuszower): Ja, want ""islam"" betekent ""onderwerping"". Deze Kamer is gisteren onderworpen aan een ideologie die niks heeft met democratie, vrijheid en tolerantie. De vergadering is gisteren geschorst, onderbroken, voor een iftar. We zijn gisteren dus tolerant geweest voor de intoleranten en dat is de eerste stap naar islamisering van dit parlement. We moeten die stap terugdringen. Daarom wil ik graag een debat met u en dat graag op korte termijn, want die iftar is nog wel even bezig. Dit kan niet nog een keer gebeuren."
SGP,"De heer Flach (SGP): Voorzitter. Ik ben het wel eens met de heer Markuszower. Dat dit gisteren gebeurd is, moet eens maar nooit weer zijn. Ik vind het ook ongepast dat u als Voorzitter hier al een voorschot op neemt, want het is heel goed om hier een debat over te hebben. Morgen is de biddag voor gewas en arbeid. Ik kies ervoor om zelf, in eigen tijd, naar de kerk te gaan. Daar hoeft de vergadering hier niet voor verschoven te worden. Zo hoort het, denk ik, dus steun voor dit debat."
Lid Keijzer,"Mevrouw Keijzer (Lid Keijzer): Voorzitter. Volgens mij was gisteren een bedrijfsongeval, trouwens ook gezien de reactie van de vertegenwoordiger van DENK. Ik vond dat vrij respectloos. Er zijn wel meer individuele religieuze momenten in het leven van alle aanwezigen hier, maar het kan niet zo zijn dat dat betekent dat we dan debatten gaan schorsen. Ik denk dat het verstandig is om in het Presidium met elkaar een afspraak te maken over hoe we hiermee omgaan. 2 april is bijvoorbeeld Witte Donderdag. Dan zijn er hier in Den Haag om 19.30 uur allerlei missen bij te wonen, maar daarvoor vraag ik op dat moment ook geen schorsing. Ik denk dus dat het verstandig is als u, voorzitter, dit mee terugneemt en hier in het Presidium met elkaar een lijn over afspreekt. Als u dat nu aanbiedt, hoef ik de heer Markuszower niet te steunen. Als u dat niet doet, steun ik hem wel, want dan moeten we het hier in den brede over hebben met elkaar."
CDA,"De heer Krul (CDA): Voorzitter. De uitdrukking ""spijkers op laag water zoeken"" krijgt staande deze vergadering een volledig nieuwe lading, want wat wordt hier van niks iets groots gemaakt! Er is een ordevoorstel gedaan door een Kamerlid. Dat staat alle Kamerleden vrij. Daar is vervolgens een besluit over genomen. Daarmee is wat ons betreft ook gewoon de kous af, dus absoluut geen steun voor een apart debat. Dat zou zonde zijn van de plenaire zaal, die we voor hele belangrijke dingen kunnen inzetten in plaats van voor dit soort onzin."
JA21,"De heer Ceulemans (JA21): Voorzitter. Alle respect voor u, maar ik heb hier wel moeite mee. U mengt zich namelijk gewoon inhoudelijk in dit debat. Zoals u het zegt, is het in mijn beleving gisteren ook niet gelopen. De woordvoerder van DENK was de laatste die nog aan het woord zou komen en daarna was de dinerpauze, maar er moest demonstratief een kwartier geschorst worden zodat meneer dadeltjes kon gaan eten. Wat er gisteren gebeurd is, is wat ons betreft stuitend. Het verzoek komt van een fractie die er zelf gisteren niet bij was. Collega Nanninga en de heer Boon hebben protest aangetekend. Het was ook totale aandachttrekkerij van DENK. Wat ons betreft is het heel triest dat het gehonoreerd is. Tegelijkertijd is dit wat ons betreft zo fundamenteel dat we steun aan het debat geven, al is het maar omdat mevrouw Nanninga haar betoog van gisteren dan kan herhalen."
ChristenUnie,"De heer Ceder (ChristenUnie): Voorzitter. Ik vond het voorstel van mevrouw Keijzer eigenlijk wel een goed idee. Gisteren heeft de Kamer namelijk gewoon ingestemd, dus het is een beetje gek om een debat te voeren met een andere partij terwijl wij hier zelf mee hebben ingestemd. Ik was er niet bij, maar ik heb het teruggezien. Er is een ordevoorstel gedaan. Als de Kamer in meerderheid had gezegd ""dat willen we niet"", dan was het niet doorgegaan. Ik vind het dus een beetje een gekke situatie om nu in debat te gaan met een andere entiteit terwijl wij als Kamer gewoon dit gesprek met elkaar moeten voeren. Daarom steun ik het voorstel van mevrouw Keijzer om dit in het Presidium te hernemen. Daarom geen steun voor het debat."
VVD,"Mevrouw Michon-Derkzen (VVD): Voorzitter. Er wordt hier door heel veel mensen gesproken over een debat gisteren waar ook heel veel mensen niet bij waren. Het begon met een reguliere schorsing na de eerste termijn van de Kamer. Dat is natuurlijk voor allerlei politiek gewin als ""iftarschorsing"" bestempeld. Laat ik heel helder zijn, en dat was ik overigens in de tweede termijn van het debat gisteren ook: wij als VVD zijn tegen een iftarschorsing. Dat was gisteren ook niet het geval. Ik hoef daar ook geen debat over. Ik vind ook dat we daar met elkaar de scherpte in moeten hebben. Dat doen we inderdaad bij elk debat. Dat moeten we dus nog scherper met elkaar doen, omdat we zo'n situatie als gisteren niet meer mee willen maken. Mijn fractie en ik willen dat niet meer meemaken."
DENK,"De heer Ergin (DENK): Voorzitter. Ik was gisteren aanwezig bij het debat. Ik heb netjes aan het begin van het debat een ordevoorstel gedaan. Aan dit verzoek, en eigenlijk ook aan wat de collega's hier doen, vind ik het volgende heel naar. In dit land houden we rekening met elkaar. We houden rekening met onze medewerkers. We geven elkaar de ruimte. Tijdens het kerstreces hebben we bijvoorbeeld drie weken lang geen vergaderingen in dit huis. We hebben in dit huis ook een chanoekaviering. DENK juicht dat alleen maar toe. Maar ik wil hier echt mijn punt maken, want ik word nu ook door collega's persoonlijk weggezet. Het enige dat ik heb gedaan, is aan de voorzitter van de commissie vragen of de schorsing, die al bestond, een kwartier vervroegd kon worden. En dan hier op uw achterste poten staan en een debat aanvragen! En al die partijen die hier een nummertje van maken!"
GroenLinks-PvdA,"Mevrouw Piri (GroenLinks-PvdA): Voorzitter. Waar zijn we mee bezig in de Tweede Kamer? Van alle verzoeken die er liggen, van de hoge energieprijzen tot oorlogen, is dit nu waar we als Tweede Kamer bij de regeling het langst bij stilstaan! Ik vond dat de heer Krul namens het CDA hele wijze woorden sprak. Absoluut geen steun dus. Ook steun aan u, voorzitter, want volgens mij verdedigt u gewoon de werkwijze hier in de Kamer."
Groep Markuszower,"De heer Markuszower (Groep Markuszower): Ik wil twee dingen toevoegen. Eén: ik heb wel steun voor een dertigledendebat, dus ik zou het graag op de lijst willen zetten. Ik neem ook heel graag het voorstel van mevrouw Keijzer over. Ik denk dat dat ook gesteund werd door mevrouw Van der Plas, en misschien nog door iemand anders …"
JA21,"De heer Ceulemans (JA21): Voorzitter, dank u wel. De gemeente Hardenberg en haar inwoners voelen zich belazerd. Dan druk ik het nog heel netjes uit. Er is al jaren geleden met het COA overeengekomen dat het azc in Hardenberg en de noodopvanglocatie bij Loozen op 8 maart van dit jaar zouden sluiten. Die afspraak werd twee weken geleden nog eens door het COA bevestigd. Omwonenden werden eind vorige week ineens overvallen met de boodschap dat het azc en de noodopvang toch openblijven. Dat heeft heel begrijpelijk tot heel veel onrust en boosheid geleid bij inwoners van Hardenberg, en ook bij de gemeente, die inmiddels een last onder dwangsom aan het COA heeft opgelegd …"
JA21,"De heer Ceulemans (JA21): Dat er op het laatste moment wordt teruggekomen op zo'n duidelijke afspraak, kan wat JA21 betreft echt niet. Deze discussie draait niet alleen om asielopvang, maar ook om behoorlijk bestuur en het vertrouwen in de landelijke overheid. Ik wil daarom graag op korte termijn een debat met de minister van Asiel en Migratie."
GroenLinks-PvdA,"De heer Klaver (GroenLinks-PvdA): Voorzitter. Ik heb een verzoek namens de commissie Buitenlandse Zaken. Er is een artikel 100-brief binnengekomen. Het is belangrijk dat de Kamer die snel doch zorgvuldig behandelt. Er komen een technische briefing en een commissiedebat aan. Ik zou u graag willen vragen om rekening te houden met een plenaire afronding, morgen tussen 18.00 uur en 19.00 uur, met de mogelijkheid van aansluitende stemmingen."
CDA,"De heer Krul (CDA): Voorzitter, dank u wel. Op 19 en 20 maart is er een Europese top. Het is tot op heden niet gelukt om daar een plenair debat voor in te plannen, maar dat is wel heel belangrijk. Het is de eerste Europese top van onze kersverse minister-president. Ik wil het verzoek doen om het notaoverleg dat daarvoor gepland staat op 10 maart, wanneer we de geannoteerde agenda nog niet hebben, te schrappen, want dat zou een beetje een onzinnig debat zijn. Ik wil vragen om toch een plenair debat in te plannen. Ik begrijp dat het moeilijk is, maar een denkrichting zou bijvoorbeeld 19 maart in de ochtend kunnen zijn. Dan is er nog tijd om te stemmen, voordat de minister-president zijn vlucht naar Brussel maakt. Dit doe ik mede namens de fracties van GroenLinks-PvdA, Volt en de BBB."
SP,"De heer Jimmy Dijk (SP): Dank u wel, voorzitter. Wat de SP betreft is kernenergie een doodlopende weg. Het is te duur, het duurt jarenlang, er is geen oplossing voor het afvalprobleem en mensen willen het niet in hun achtertuin. Toch zien we dat de regering de plannen voor kernenergie wil doorzetten. Daarom stemmen wij voor de moties op de stukken nrs. 165, 166 en 167 onder punt 4, die de regering opdragen om, als zij toch besluit tot kerncentrales, zich ten minste te houden aan de minimumvoorwaarden die de Zeeuwen stellen en die onze natuur beschermen. Dank u wel."
GroenLinks-PvdA,"Mevrouw Kathmann (GroenLinks-PvdA): De systemen van de omzetbelasting bij de Belastingdienst worden straks beheerd en onderhouden door een Amerikaans bedrijf. Dat is dus 1,5 miljard aan belastinggeld per week in beheer bij de Amerikanen. Dit strookt niet met de ambities van de Kamer, maar ook niet met die van het kabinet. Er is goed nieuws: we kunnen dit terugdraaien. We kunnen dit in Apeldoorn beheren en dat zal blijken uit de stukken die ik vandaag ga opvragen. Eerst vraag ik daarom een debat aan met de staatssecretaris van Financiën en de staatssecretaris Digitale Economie, om hier als Kamer een oplossing voor te vinden. Ik weet dat er op 19 maart een commissiedebat is over de Belastingdienst en daarom doe ik ook een informatieverzoek om een brief van het kabinet, met een uitleg of dit systeem in eigen beheer houden of Europese uitbesteding nog een optie is en, zo ja, wat hiervoor nodig is. Ik verzoek om in die brief ook toe te zeggen dat er geen onomkeerbare stappen gezet zullen worden totdat de Kamer volledig is geïnformeerd en zich heeft kunnen uitspreken, en om daarnaast alle relevante stukken en notities die de keuze voor de ICT-migratie onderbouwen, nog deze vrijdag te ontvangen."
JA21,"Mevrouw Coenradie (JA21): Voorzitter. Er is een meisje, Insiya. Deze week wordt zij 12 jaar en inmiddels is zij alweer tien jaar in een land waar zij helemaal geen paspoort van heeft, want zij is Nederlands staatsburger en heeft een Nederlands paspoort. Er liggen moties die zijn aangenomen om dit meisje terug te halen. Er is over gesproken met de koning en de koningin, er zijn 21 rechterlijke uitspraken, en toch is dit meisje nog niet terug. Ik zou heel graag een debat willen voeren met de juiste persoon binnen het kabinet. Ik zag dat er nu wordt gekeken naar de minister van Handel, maar het kan ook met de minister van Buitenlandse Zaken, want wij moeten er alles aan doen om dit meisje gewoon terug te laten komen."
PVV,De heer De Roon (PVV): Het is heel goed dat de Kamer het lot van dit al jaren geleden ontvoerde meisje niet vergeet. Ik denk dat daar ook over gesproken moet worden in het kader van dat agreement met India over de handel. Ik denk dat dit het beste kan gebeuren en zo snel mogelijk in de Raad Buitenlandse Zaken en Handel.
BBB,"Mevrouw Van der Plas (BBB): Voorzitter. Het is wel een beetje een dilemma, want hier zit ook wel enige spoed achter. De actualiteit en hoe belangrijk deze zaak is, speelt ook. In het kader van de actualiteit en de snelheid zou ik zeggen ""doe het in de Raad Buitenlandse Handel"", maar we hebben binnenkort ook nog een debat over humanitaire hulp. Dat is wel sneller. Dan lijkt het alsof ik het verzoek geen steun geef omdat ik het niet belangrijk vind, maar zo is het niet. Ik geef het verzoek inderdaad geen steun, maar niet omdat ik het niet belangrijk vind, maar wel omdat het heel snel in de commissiedebatten kan."
Groep Markuszower,"De heer Markuszower (Groep Markuszower): Ik vind het op zich een goede suggestie om dit ook in commissieverband te doen, maar ik denk dat dit zo belangrijk is dat ik het verzoek van harte steun. Als het op meer plaatsen besproken kan worden, ook heel graag. Ik denk dat we dat meisje allemaal zo snel mogelijk terug naar Nederland willen."
GroenLinks-PvdA,"Mevrouw Mutluer (GroenLinks-PvdA): Ik heb recent met een aantal collega's ook de moeder gesproken van Insiya. Het is hartverscheurend wat hen is overkomen en Insiya moet zo snel mogelijk terug, na zo veel jaren. Wat mij betreft komt er eerst een brief vanuit het kabinet, een eerste reactie. Dat lijkt mij het verstandigst. Daarna wordt het debat georganiseerd. Ik geef eerlijk toe dat het niet gebruikelijk is om hier over een individuele zaak te spreken, maar het lijkt mij verstandig dat wij het hierover gaan hebben. Misschien kan het iets breder ook over kinderontvoeringen gaan. Laten we dat inplannen."
VVD,"Mevrouw Rajkowski (VVD): Voorzitter. Vreselijk wat hier gebeurd is. Ik sluit mij aan bij de woorden van mevrouw Van der Plas. In commissieverband kan het sneller, dus geen steun voor het inplannen van een extra debat. Maar het lijkt mij wel goed om een informatieverzoek te doen over wat nu eigenlijk de stand van zaken is. Het meisje moet zo snel mogelijk naar huis."
SP,"De heer Jimmy Dijk (SP): Voorzitter, steun. Als ik iedereen zo hoor, dan wil iedereen dat het snel wordt gedaan. Laten we dat doen op de meest praktische manier om het te doen. Als dat hier plenair is, doen we het hier plenair. Als dat op een andere manier moet, dan denk ik dat mevrouw Coenradie dat ook oké vindt."
JA21,"De heer Ceulemans (JA21): Dank u wel, voorzitter. Afgelopen vrijdag zijn de capaciteitsraming, de provinciale opgave en het indicatieve aantal opvangplekken per gemeente voor de tweede cyclus van de Spreidingswet vastgesteld. Daaruit blijkt dat gemeenten 88.000 asielopvangplekken beschikbaar moeten hebben, waaronder tienduizenden nieuwe opvangplekken. Over de Spreidingswet zijn wij helder: die gaat wat ons betreft direct van tafel. Ongeacht wat je ervan vindt, wordt dit opnieuw een operatie waarin ontzettend veel van gemeenten wordt gevraagd en waarover in veel gemeenten veel vragen en zorgen leven. Daar moeten we het als Kamer over hebben. Ik verzoek daarom om een plenair debat met de minister van Asiel en Migratie over de tweede cyclus van de Spreidingswet. Dat verzoek doe ik mede namens collega Vondeling van de PVV."
PVV,"Mevrouw Faber (PVV): Dank u wel, voorzitter. Er gaat geen dag voorbij of er worden in Europa kerken vernield, in brand gestoken en bekladderd. Denk niet dat het aan Nederland voorbijgaat! Met de toename van het antisemitisme neemt ook het vandalisme tegen de kerken en de christelijke symbolen toe. Eind februari was het weer raak in Ede. In één week tijd werden er drie kerken in brand gestoken. Na een inbraak werd er in een kerk brandgesticht. Bij een ander werd er door de glas-in-loodramen een molotovcocktail naar binnen gegooid. Bij een derde, een rijksmonument uit de vijftiende eeuw, werden de deuren eerst ingesmeerd met een brandbare vloeistof en daarna aangestoken. Dit zijn geen ongelukken, maar acties met voorbedachten rade. Als er een dader wordt opgepakt, houdt men angstvallig de identiteit onder de pet. Als het naar buiten komt, wordt dit verdoezeld door de autoriteiten en de mainstreammedia, die dan spreken van ""personen met verward en onbegrepen gedrag"". Dat is een methode om de ernst van de zaak af te zwakken."
DENK,"De heer El Abassi (DENK): Voorzitter. Ik heb hier verschillende malen aangegeven hoe verschrikkelijk het is als religieuze instellingen aangevallen worden. Als mevrouw Faber bereid is om daar een breed debat van te maken, namelijk over alle aanvallen op religieuze instellingen, dan steun ik het verzoek."
Groep Markuszower,"De heer Markuszower (Groep Markuszower): Dank u wel, voorzitter. Afgelopen week konden we in De Telegraaf lezen dat er tussen de grens van Polen en Wit-Rusland tunnels zijn gevonden. Die tunnels zijn mogelijk met techniek of kennis van terroristische organisaties zoals Hezbollah, IS en Hamas gegraven. Die tunnels worden mogelijk niet alleen gebruikt voor illegale migratie naar Europa, dus ook naar Nederland, maar misschien komen er door die tunnels ook terroristen naar Europa, zeker als je weet dat die tunnels met kennis en techniek van terroristische organisaties zijn gegraven. Dat lijkt me toch allemaal zeer ernstig. Daarom wil ik met een trits aan ministers, waaronder die van Algemene Zaken, een debat."
GroenLinks-PvdA,"De heer Stultiens (GroenLinks-PvdA): Dank u, voorzitter. Vorige week werden we verrast door de minister van Financiën, die aangaf dat de box 3-wetgeving moet worden aangepast. Terwijl we maandenlang hebben gedebatteerd en er niks mogelijk was, niet qua uitvoering en niet qua geld, kon het opeens toch wél. Het is veelzeggend dat de minister van Financiën pas gaat lopen als de rijkste man ter wereld tweet. Het is ook veelzeggend dat we sindsdien niks hebben gehoord: geen brief, geen voorstel, geen deadline. Daarom is het de hoogste tijd voor een debat over dit onderwerp in de plenaire zaal."
DENK,"De heer Van Baarle (DENK): Voorzitter. Tijdens het vragenuur is het er al over gegaan. Het kabinet heeft inmiddels een reactie gestuurd op de aanvallen die door Israël en de Verenigde Staten zijn uitgevoerd op Iran. We zien dat de situatie brede implicaties heeft, in eerste instantie natuurlijk voor de mensen daar, maar ook voor de mensen hier in Nederland en mensen die op dit moment vanwege de situatie niet kunnen reizen. Ik denk dat het in brede zin goed is dat we het daar als Kamer over hebben en dat we dat doen met de minister-president, de minister van Defensie en de minister van Buitenlandse Zaken, zoals ook te doen gebruikelijk in situaties waarin we ons verhouden tot een oorlogssituatie. Ik zou u willen verzoeken dat debat zo spoedig mogelijk in te plannen."
JA21,"De heer Ceulemans (JA21): Voorzitter, steun, en ook om het zo snel mogelijk te doen. Ik heb wel gezien dat er meerdere aanvragen over dit onderwerp zijn, dus ik steun het verzoek van de heer Van Baarle en wat ons betreft sluit daar ook in ieder geval de minister van Klimaat en Groene Groei bij aan, en kunnen verder de ministers waar in andere verzoeken om gevraagd is, ook hierbij aansluiten."
PVV,"De heer De Roon (PVV): Voorzitter. Ik constateer ook dat naar aanleiding van een en dezelfde oorlog er nu drie debataanvragen op de lijst staan. Dat lijkt me wat te veel van het goede. Het zou mij logisch lijken als deze drie heren de koppen bij elkaar steken om daar één debat van te maken. Maar ik zeg in ieder geval: als dat niet gebeurt, dan zullen we wel zien wat er gebeurt, maar de PVV zal geen drie debatten naar aanleiding van dezelfde oorlog gaan steunen op dit moment."
SGP,"De heer Flach (SGP): Voorzitter, ook de SGP steunt dit verzoek, maar dan bewust wel apart, omdat gevolgschade zoals gastekorten en stijgende prijzen echt een ander type debat is, ook qua grootteorde. Wij zouden er dus voor pleiten om het te beperken tot internationale complicaties en de situatie in en om Iran."
Groep Markuszower,"De heer Heutink (Groep Markuszower): Voorzitter. Vorige week dinsdag maakte Gasunie zich nog geen enkele zorgen. Een woordvoerder benadrukte echter wel dat er geen onverwachte dingen moesten gebeuren. Ik ga citeren: ""Er moet niet opeens een blokkade komen van de Straat van Hormuz bijvoorbeeld."" Nou, dat is precies wat er gebeurd is, want terwijl onze gasvoorraad voor nog maar 10,5% gevuld is — ik heb net gekeken — zitten we nu al met de consequenties, die hun weerga niet kennen. Gisteren steeg onze gasprijs met 49%. Vandaag is daar nog weer 30% bij gekomen en de dag is nog niet eens om. Iedereen die vanochtend op de borden bij het tankstation keek, schrok zich het apezuur."
JA21,"De heer Ceulemans (JA21): Voorzitter. Inhoudelijk ben ik het hier helemaal mee eens. Het is waanzin dat het kabinet volhardt in het volstorten van die gasputten. Maar er is net een meerderheid voor het debat van de heer Van Baarle gebleken. Wat ons betreft kan dit onderwerp daarbij gevoegd worden, als dan ook de minister van Klimaat en Groene Groei aansluit."
SGP,"De heer Flach (SGP): Voorzitter. Op zich zou het goed zijn om hierover te spreken, maar de reden voor de haast ontgaat mij echt. De Tweede Kamer gaat met een debat de Straat van Hormuz niet openkrijgen. Laten we dit dus nog even laten betijen en er daarna, met goede informatie, een debat over voeren, maar dus niet deze week."
SP,"De heer Jimmy Dijk (SP): Voorzitter, volop steun hiervoor. Zoals anderen ook al hebben geconstateerd, zie ik dat het drie verzoeken zijn. Ik wil ze heel graag alle drie steunen. Wat de SP betreft trek je het uit elkaar en ga je één debat voeren over de oorlog in het Midden-Oosten en één debat over de directe gevolgen daarvan voor de mensen hier, de mensen die aan de pomp aan het huilen zijn als ze aan het tanken zijn en die hun energierekening door het dak zien schieten. Dat moet wél heel snel, want dit zijn dingen die niet kunnen wachten."
GroenLinks-PvdA,"Mevrouw Piri (GroenLinks-PvdA): Er zijn twee verzoeken. Eentje is van mij, maar straks komt er ook nog een verzoek van de heer Van der Lee. We hebben hier de afgelopen tien jaar heel veel discussies gevoerd over Hawija. Dit is het allerlaatste verzoek. Nadat de Kamer een commissie had gevraagd om hiernaar te kijken en dit te onderzoeken, bleek dat er na de oplevering van het rapport opeens nog videobeelden waren gevonden op het ministerie. Op dat rapport is nu een addendum gekomen. Om dit hoofdstuk af te kunnen sluiten, verzoek ik om een debat in te plannen met de minister van Defensie over het addendum van de commissie waar deze Kamer zelf om heeft verzocht. Dat heeft geen bloedhaast. Dat kan ergens over drie, vier of vijf weken."
GroenLinks-PvdA,"De heer Van der Lee (GroenLinks-PvdA): Dank, voorzitter. Ik kom met een derde verzoek naar aanleiding van de nieuwe oorlog in het Midden-Oosten. Helaas leert de geschiedenis dat deze oorlogen vaak langer duren dan van tevoren wordt gehoopt. Daarom zou ik van het kabinet een brief willen vragen met een inschatting van de economische gevolgen van deze oorlog. Het ging al even over energie, maar de gevolgen zijn breder. Dit heeft impact op de handel, de inflatie en mogelijk ook op de economische groei. Mijn verzoek is om naar aanleiding van die brief — die hoeft niet deze week te komen, maar zo snel als redelijkerwijs kan — een wat breder debat te voeren met de minister van EZ, de minister van Financiën en de minister van SZW, om te kijken hoe we met die gevolgen om zouden moeten gaan."
JA21,"De heer Ceulemans (JA21): Ja, steun voor het informatieverzoek en de brief. Maar ook hiervoor geldt dat er een debat is aangevraagd. De heer Van Baarle was de eerste, en dat moeten anderen dan aanvaarden. Wat ons betreft kan dit onderwerp dus betrokken worden bij het debat van de heer Van Baarle. Geen steun dus voor een debat op dit moment, wel steun voor de brief die de heer Van der Lee vraagt."
PvdD,Mevrouw Teunissen (PvdD): Voorzitter. Wat ons betreft verdient de situatie echt twee aparte debatten: een over de politieke situatie op dit moment en een over de economische gevolgen. Dat hoeft dan inderdaad niet per se deze week. Het kan ook op de wat langere termijn; dat zegt de heer Van der Lee ook. Van harte steun voor dit debat.
SP,"De heer Jimmy Dijk (SP): Voorzitter. We zien in de huidige kabinetsplannen al dat de lagere en middeninkomens hard geraakt gaan worden. We weten dat bij ongeveer iedere crisis gewone hardwerkende mensen de rekening gaan betalen. Dat dreigt hierbij ook, dus volledige steun. Wat de SP betreft gebeurt het zo snel mogelijk. Ik kan me voorstellen dat het niet volgende week of de week daarna is, maar niet te lang hierna, want mensen hebben veel onzekerheid over hun situatie nu."
BBB,"Mevrouw Van der Plas (BBB): Voorzitter. Er staat al enige tijd een dertigledendebat over de wolf op de wachtlijst. De ellende gaat maar door. Deze week lazen we weer dat zo'n beetje alle moeflons op De Hoge Veluwe zijn opgevreten dan wel zijn afgeslacht. In de snackbar die De Hoge Veluwe heet staan er inmiddels ook dassen, reekalfjes en edelherten op het menu. De wolf vernietigt daar de biodiversiteit. Daar heeft ook de directeur van Het Nationale Park De Hoge Veluwe afgelopen week aan de alarmbel over getrokken. Mijn verzoek is om het dertigledendebat om te zetten in een meerderheidsdebat in deze zaal."
VVD,"Mevrouw Den Hollander (VVD): Voorzitter. Namens de heer Koorevaar van het CDA en namens mijzelf: we willen graag volgende week tijdens de begrotingsvergadering hierover spreken. Mocht het dan niet voldoende behandeld zijn, dan kunnen we daarna eventueel een debatverzoek steunen. Maar laten we eerst maar eens volgende week met elkaar om tafel gaan."
SP,"De heer Jimmy Dijk (SP): Dank u wel, voorzitter. Het is de afgelopen tijd erg veel gegaan over de verhoging van de AOW-leeftijd, waar veel onvrede over is in de samenleving. Maar het ging ook over het halveren van de WW, terwijl er hier politici zitten op wachtgeld van drie jaar en twee maanden, en over het korten op de WIA. Nu lopen de gesprekken tussen de bonden en dit kabinet al meteen stuk bij het allereerste begin. Ik zou daarom graag voor het meireces, dus niet nu, alvast een debat willen inplannen, zodat we in opmaat naar de Voorjaarsnota ook hierover een debat kunnen gaan voeren. Het gaat dus niet alleen maar over de AOW, maar ook over de WW, de WIA en de manier waarop er nu niet wordt samengewerkt met de vakbonden."
BBB,"De heer Vermeer (BBB): Dank u wel, voorzitter. Ik heb een stemverklaring over de motie op stuk nr. 57 van de heren Stoffer en Markuszower over het verzachten van de voorgenomen aanscherping van de AOW-systematiek. Als het doel was om de brede maatschappelijke verontwaardiging te stelpen, dan is dit niet meer dan een doekje voor het bloeden. Als het doel was om tijd te winnen, dan gaat dat waarschijnlijk uitstekend lukken. De AOW-leeftijd wordt echter nog steeds extra verhoogd. Deze motie raakt aan het fundament van vertrouwen. Ik heb het dan over vertrouwen in de afspraken die over de AOW zijn gemaakt. De motie is beleidsmatig vaag en praktisch onuitvoerbaar. De fractie van BBB zal dan ook tegen deze motie stemmen."
SP,"De heer Jimmy Dijk (SP): Dank u wel, voorzitter. In Trouw stond het bericht dat bijna een half miljoen mensen die door een ziekte of handicap niet kunnen werken, geen passende arbeidsongeschiktheidsverzekering ontvangen, en dat dat voornamelijk mensen zijn die onder de Participatiewet vallen. Daarvan zijn zelfs 250.000 mensen helemaal buiten beeld. Dat kan niet waar zijn. Dat kan in een welvarend land als Nederland zeker niet waar zijn, en daarom zou ik graag een debat willen aanvragen met de minister van Sociale Zaken én Werkgelegenheid — want daar gaat het hierbij uiteindelijk om."
SP,"De heer Jimmy Dijk (SP): Mijn tweede verzoek. Het bericht van de vertrekkend voorzitter van VNO-NCW, die waarschuwt voor grote reorganisaties en met name een ontslaggolf door AI. AI en technologie moeten onze wereld en ons werk vooruitbrengen. In plaats van zorgen voor meer werkloosheid, moeten die ervoor zorgen dat we beter werk hebben met minder uren en kortere werkdagen. Dat is wat AI en technologie voor onze samenleving zouden moeten kunnen betekenen. We moeten er dan wel zeggenschap en controle over hebben. Ook AI en technologie gaan dus over democratie. Daarom zou ik er graag een debat over willen aanvragen, om te voorkomen dat heel veel harde werkers op dit moment werkloos raken en in de WW en uiteindelijk in de bijstand terechtkomen. Laten we ervoor zorgen dat we deze mensen aan het werk kunnen houden op de manier waarop zij dat nu ook vol trots zijn."
DENK,"De heer El Abassi (DENK): Voorzitter, dank. De reclassering gebruikt sinds 2018 een fout en discriminerend algoritme om de herhalingskans bij verdachten in te schatten. Dat gebeurt jaarlijks zo'n 44.000 keer. In 21% van de adviezen werd het recidiverisico verkeerd berekend. Gisteren lazen we ook dat de politie in stilte af probeert te stappen van een politiesysteem met vooringenomen algoritmen die leiden tot onterechte oververtegenwoordiging. Dit raakt de kern van onze rechtsstaat. Daarom wil ik hier zo spoedig mogelijk over in debat met onze minister van Justitie en Veiligheid."
DENK,"De heer El Abassi (DENK): Dan mijn volgende verzoek. In het prachtige, prachtige Den Haag, de stad van vrede en recht, zagen we wederom demonstranten met Hitlergroeten en NSB-vlaggen door de straten struinen bij een protest tegen een woonproject met statushouders. Nu, weer acht aanhoudingen en een gewonde agent verder, moeten we ons echt gaan afvragen hoe dit iedere keer weer kan gebeuren. Deze antisemitische relschoppers zorgen structureel voor haat en geweld in de straten van Nederland. Daarom wil ik hierover in debat met de minister van Justitie en Veiligheid."
BBB,"Mevrouw Van der Plas (BBB): Voorzitter. Ik kan me heel goed voorstellen dat mensen angstig zijn voor zo'n woonvorm. We hebben in Amsterdam gezien bij Stek Oost wat er kan gebeuren. Het geweld dat in Den Haag gebruikt is, kan natuurlijk absoluut niet; dat onderstrepen wij. We zouden dit debat wel willen ondersteunen, met name omdat we dan de woonvorm met statushouders kunnen gaan bespreken. Iedereen kan dan over zijn eigen woorden gaan. Ik steun dit debat dus."
DENK,"De heer El Abassi (DENK): Voorzitter. De benzineprijs staat inmiddels op €2,28 per liter en diesel boven de €2. Dat is het hoogste niveau sinds 2023. Voor miljoenen Nederlanders is dit een directe klap in de portemonnee. Werkenden, ondernemers en gezinnen die afhankelijk zijn van hun auto, worden opnieuw keihard geraakt, terwijl veel Nederlanders al een hele tijd in buurlanden tanken omdat dat veel goedkoper is. Daarom verzoek ik een debat met de minister van Infrastructuur en Waterstaat over de stijgende brandstofprijzen."
BBB,"Mevrouw Van der Plas (BBB): Gelukkig kan ik het makkelijk betalen om mijn tank vol te gooien, maar ook ik schrik me elke keer kapot als ik langs benzinestations kom. Heel veel andere mensen raken op deze manier echt in geldnood, om nog maar niet te spreken over de grensondernemers die hieraan helemaal kapotgaan. Ik wil dit debat dus graag steunen, maar ik zou ook willen vragen of de minister van Financiën of de staatssecretaris Belastingen daarbij kan zijn."
GroenLinks-PvdA,"De heer De Hoop (GroenLinks-PvdA): De betaalbaarheid van het leven staat voor ontzettend veel mensen onder druk en dat geldt zeker ook wat betreft de mobiliteitskosten. Ik heb één bezwaar tegen het verzoek van de heer El Abassi, namelijk dat het alleen over de accijnzen gaat. Ik zou graag een breder debat willen over de kosten van de mobiliteit, dus over accijnzen, maar ook over openbaar vervoer. In dat geval zal ik het steunen, maar dit verzoek om het sec over brandstofaccijns te hebben, kunnen wij niet steunen."
DENK,"De heer El Abassi (DENK): Wel 30 leden, volgens mij, voorzitter, dus ik neem hem graag mee. Dan mijn laatste verzoek. Voorzitter. In de binnenstad van Tiel is een man aangehouden die met een wapen uit een raam zwaaide en dit richtte op de vrouweningang van een moskee. Daarbij riep hij ""rot op met die hoofddoekjes, rot op met die kutmoskee"". Walgelijk, verschrikkelijk. Bijna wekelijks zijn moskeeën doelwit van terreur. Deze gestoorde vorm van terreur is levensgevaarlijk en jaagt een hele bevolkingsgroep angst aan. Ik wil dan ook een debat aangaan met de minister van Justitie en Veiligheid over de beveiliging van moskeeën en de bescherming van onze Nederlandse moslims."
GroenLinks-PvdA,"Mevrouw Mutluer (GroenLinks-PvdA): Volgens mij moeten we het niet over incidenten hebben. Dus geen steun voor het voorstel om daar een debat over te voeren. Maar uiteraard steun ik de oproep van de collega ten aanzien van de beveiliging van religieuze instellingen, zoals moskeeën. Het debat daarover wil ik voeren bij het commissiedebat Terrorisme/extremisme, dat volgens mij snel staat geagendeerd."
JA21,"De heer Van den Berg (JA21): Voorzitter. In de regio's Flevoland, Gelderland en met name Utrecht is de situatie op het elektriciteitsnet zo dringend dat, als er geen maatregelen genomen worden, deze zomer ook kleinverbruikers niet kunnen worden aangesloten op het net. Dat betekent dus ook dat woningen geen aansluiting meer krijgen. Binnen deze regio spreek je al gauw over zo'n 200.000 woningen per jaar. De minister zei het laatst al: ik ben hier pissig over. Nou, voorzitter, ik ben er woedend over. Het is onacceptabel."
JA21,"De heer Boomsma (JA21): Dank u wel, voorzitter. Onlangs verscheen het onderzoek ""Grenzen verleggen"" van Instituut Clingendael over het externaliseren van asielprocedures en opvang in landen buiten de EU. Daar zijn verschillende concrete varianten van uiteengezet. Het onderzoek laat ook zien dat hier absoluut mogelijkheden voor zijn. Dat is positief, wat JA21 betreft, want wij zijn hier altijd voor geweest. We moeten die opvang en de procedures verplaatsen naar buiten de EU. Dit onderwerp verdient een fundamenteel en concreet en gedegen debat. Ik verzoek dus om een debat met de minister van Asiel en Migratie over de mogelijkheid van het externaliseren van de asiel- en opvangprocedures buiten de EU, op basis van de bevindingen van het rapport van Clingendael, en graag ook met een reactie van het kabinet."
JA21,"De heer Van den Berg (JA21): Voorzitter, dank. Ik wil een debat aanvragen over het bericht dat TNO heeft opgeroepen om de gasputten in Groningen niet definitief dicht te metselen, omdat we die gasputten voor de strategische reserve nodig hebben, bijvoorbeeld wanneer de pijpleidingen naar Noorwegen opgeblazen zouden worden, zoals bij Nord Stream, of wanneer de lng-aanvoer stokt. Het is ontzettend belangrijk voor onze leveringszekerheid. Ik wil een debat met de minister van Klimaat en Groene Groei."
DENK,"De heer Van Baarle (DENK): Ik heb 21 minuten en 29 seconden. O, nee, dat is iets anders. Voorzitter. Onlangs kwam het bericht naar buiten dat vorig jaar meer dan 600 Nederlanders dienden in het leger van Israël. Ik heb over het feit dat Nederlanders met het Israëlische leger meevechten al meerdere malen schriftelijke vragen gesteld, ook vorige week. Ik vind het buitengewoon ernstig dat Nederlanders meevechten met dit leger, dat misdaden pleegt. Ik zou graag, als de antwoorden op die schriftelijke vragen binnen zijn, hierover het debat voeren met de minister van Buitenlandse Zaken."
DENK,"De heer Van Baarle (DENK): De situatie van de Palestijnen is uiterst zorgwekkend. We zien dat Israël binnenkort hulporganisaties de toegang gaat ontzeggen. Dat is in strijd met het internationaal recht. We zien op de Westbank het illegalenederzettingenbeleid en de annexaties maar doorgaan. En dan spreken we nog niet eens over de oorlogsmisdaden die al ontzettend lang gepleegd zijn en worden tegen de Palestijnen. Ik vind dat we als Kamer moeten spreken over hoe we het internationaal recht kunnen dienen. Daarom zou ik graag het debat dat al staat, over de situatie van de Palestijnen, zo spoedig mogelijk wensen in te plannen."
SP,"Mevrouw Dobbe (SP): Dank u wel voor deze aanvraag. Twee weken geleden stond ik hier om een debat aan te vragen over de medische evacuatie van Palestijnse kinderen. Dat is toen niet toegekend, omdat er al debatten stonden. Dan vind ik ook, omdat het toen een spoedaanvraag was, dat we dit snel moeten kunnen doen. Van harte steun."
DENK,"De heer Van Baarle (DENK): Voorzitter, dan een punt van orde. Er is hier zojuist door een fractie, een afsplitsfractie, een volk ontkend. Ik vind het ontkennen van een volk op deze manier, namelijk door te zeggen dat de Palestijnen niet zouden bestaan, beledigend en opruiend in de richting van Palestijnen. Ik zou vinden dat een voorzitter daartegen op zou moeten treden."
50PLUS,Mevrouw Van Brenk (50PLUS): Voorzitter. De tandartsrekening wordt opgepompt. Ik wil de klokkenluiders hartelijk bedanken voor dat bericht. Het betekent dat er steeds meer zorgfraude is. Wat ons betreft moeten we snel een debat hebben over zorgfraude. Er is minimaal 10 miljard aan zorgfraude in Nederland. Dat geld moet gewoon in de zorg blijven.
Groep Markuszower,"Mevrouw Lammers (Groep Markuszower): Dank u wel, voorzitter. Opnieuw worden hotels ingezet voor asielopvang, dit keer voor nareizigers. Luxekamers en peperdure catering. Honderden van de circa 8.000 nareizigers worden in hotels geplaatst, terwijl er nog eens ongeveer 53.000 op de wachtlijst staan. Dit dreigt uit te lopen op een totale chaos. Ondertussen wachten Nederlanders al jarenlang op een woning en moeten sommigen rondkomen van een paar euro per dag. Nederland kan dit niet meer aan."
JA21,"De heer Ceulemans (JA21): Het zijn absurde praktijken, maar ze zijn niet nieuw. Minister Keijzer is hier in december al over begonnen. Ik heb hier schriftelijke vragen over gesteld. Ik denk dat het het snelst is om dit na binnenkomst van de antwoorden in het eerstvolgende commissiedebat te bespreken."
BBB,"Mevrouw Van der Plas (BBB): Ik snap het punt helemaal en daar kan ik ook helemaal in meegaan. Maar dit soort onderwerpen is sneller te agenderen bij de strategische procedurevergadering. Daar kunnen ook debatten worden aangevraagd. Ik zou willen adviseren om dat daar te doen, zodat het ook snel kan."
SP,"Mevrouw Dobbe (SP): Dank u wel, voorzitter. Ziekenhuizen luiden de noodklok over de opkomst van privéklinieken. Die kapen de simpele en winstgevende behandelingen en ondergraven zo de positie van de ziekenhuizen. Het is belangrijk dat ziekenhuiszorg voor iedereen dichtbij en betaalbaar blijft, en dat komt nu in gevaar. Het lijkt mij dus goed als we daar als Kamer een fundamenteel debat over voeren. Voordat hier wordt gezegd ""we hebben volgende week de begroting VWS"": dit verdient echt een apart fundamenteel debat, want het gaat over het voortbestaan van onze ziekenhuizen."
SP,"Mevrouw Dobbe (SP): Dank u wel. De VN hebben Nederland teruggefloten — u heeft het ongetwijfeld allemaal gezien — als het gaat over de uitvoering van het Vrouwenverdrag. Nederland moet beter opkomen voor de rechten van vrouwen. Bijvoorbeeld als het gaat over huiselijk geweld en economisch geweld tegen vrouwen, de toegang tot recht voor vrouwen, zorg door vaders en abortus doet Nederland veel te weinig om discriminatie van vrouwen tegen te gaan. Binnen twee jaar willen de VN significante veranderingen en verbeteringen zien in Nederland. Dat betekent ook werk aan de winkel voor ons. Daarom zouden wij graag een debat hierover willen met de bewindspersoon voor Emancipatie en de minister van JenV."
GroenLinks-PvdA,"Mevrouw Mutluer (GroenLinks-PvdA): Voorzitter. Het is gewoon verschrikkelijk om te zien dat anno 2026 de rechten van vrouwen in Nederland nog steeds onder druk komen te staan. Wat ons betreft dus steun voor het verzoek, maar ik denk dat het handig is om naast JenV en OCW ook VWS uit te nodigen voor het debat, omdat het veel breder is dan veiligheid en ook zorg et cetera betreft."
SGP,"De heer Diederik van Dijk (SGP): Dank u wel, voorzitter. Graag vraag ik een debat aan met de ministers van Langdurige Zorg, Jeugd en Sport en van Sociale Zaken en Werkgelegenheid en met de staatssecretaris van Financiën over het SER-rapport Mantelzorg en werk in een zorgzame samenleving: een integrale aanpak voor een werkende combinatie. Voorafgaand aan dit debat zou ik graag een kabinetsreactie ontvangen."
DENK,"De heer Ergin (DENK): Voorzitter, dank je wel. Twee weken terug hebben we hier met een meerderheid een debat op de lijst gezet over de toeslagenouders die hun dossiers niet krijgen, terwijl ze daar wettelijk recht op hebben. We wisten op dat moment niet of er een nieuwe staatssecretaris zou aantreden. We weten nu dat de staatssecretaris doorgaat. We weten nu ook wat de reactie is van het kabinet. Die is namelijk binnengekomen. Die reactie roept zelf heel veel vragen op. Daarom lijkt het mij verstandig dat we voor al die ouders die al jarenlang hun dossiers niet krijgen en die niet weten waarom ze onterecht als fraudeur zijn weggezet, een debat inplannen met de staatssecretaris van Financiën. Het verzoek is om dat volgende week te houden."
GroenLinks-PvdA,"Mevrouw Westerveld (GroenLinks-PvdA): Voorzitter. Wij steunen dat. Er is veel te doen geweest over deze wet de afgelopen twaalf uur. We hebben de mondelinge toezegging dat de nieuwe bewindspersoon, de nieuwe staatssecretaris, zo snel mogelijk met een nieuwe wet komt. Ik ga ervan uit dat het nieuwe kabinet daar dan vaart mee maakt. Ik hoop dat we die dan voor de zomer toegestuurd zullen krijgen."
ChristenUnie,"De heer Ceder (ChristenUnie): Ja, voorzitter. Ik wil graag twee moties aanhouden onder punt 14, de stemmingen over moties ingediend bij de Vaststelling van de begrotingsstaten van het Ministerie van Asiel en Migratie. Het gaat om de moties op de stukken nrs. 32 en 33. De voorzitter: Op verzoek van de heer Ceder stel ik voor zijn moties (36800-XX, nrs. 32 en 33) aan te houden. Daartoe wordt besloten."
JA21,"De heer Hoogeveen (JA21): Ja, voorzitter. Wij zouden graag wat betreft de Wijziging van de Wet inkomstenbelasting 2001 om werkelijke inkomsten uit bezittingen en schulden in box 3 te belasten (36748) vandaag over de moties willen stemmen, maar donderdag pas over de amendementen, omdat we nog niet genoeg informatie hebben van het ministerie van Financiën ten aanzien van onze dekking. Dus donderdag stemmen over de amendementen en dan daarna gesplitst over het wetsvoorstel."
ChristenUnie,"De heer Grinwis (ChristenUnie): Ja. Ik onderstreep het tweede punt dat de heer Hoogeveen maakte, namelijk dat we donderdag graag gesplitst willen stemmen over de amendementen en de wet. Zo is er tijd voor beraad voor de fracties om na de stemmingen over de amendementen te kijken hoe ze over de wet stemmen."
ChristenUnie,"De heer Grinwis (ChristenUnie): Nee, voorzitter. Ik sluit me aan bij het verzoek van collega Hoogeveen om de stemmingen onder punt 11, over de amendementen en de wet, uit te stellen naar donderdag, maar om dan op die donderdag een splitsing aan te brengen tussen de stemmingen over de amendementen enerzijds en de wet anderzijds."
SP,"De heer Jimmy Dijk (SP): Voorzitter. ""Mijn moeder kon de huur niet meer betalen. Ik kon niet mee op schoolreisje of op kamp. Elke dag was het afwachten wat we 's avonds zouden eten. Soms had ik geen eten om mee naar school te nemen en ook geen geld om daar iets te kopen. Ik gebruikte mijn studiefinanciering om mijn moeder te helpen overleven en rekeningen te betalen. We leefden twee jaar zonder elektriciteit thuis."" Jongeren die door het toeslagenschandaal beroofd zijn van een fijne jeugd, dragen nog altijd de littekens die de Staat hun en hun ouders heeft aangedaan. Het landelijk meldpunt voor gedupeerde jongeren van het toeslagenschandaal heeft dat hier uitgebreid in verwerkt. 40% kon de studie niet afmaken en minstens de helft gebruikte de studiefinanciering ook om het gezin in leven en overend te houden. Nu zitten ze met een stuk hogere studieschulden dan het gemiddelde door een schandaal dat de Staat hun heeft aangedaan. Eerder werd een SP-motie aangenomen om hier iets aan te doen, maar het kabinet weigert die uit te voeren."
DENK,"De heer Ergin (DENK): Voorzitter. Al die verhalen over hoe kinderen, nu jongvolwassen, kapot zijn gemaakt, zijn verschrikkelijk. Wat mij betreft voeren we zo snel mogelijk een debat. Er staat als het goed is al een debat gepland specifiek over de dossiers. Misschien is het een idee om dit onderwerp ook daarbij te betrekken, want vroeg of laat komen we toch uit bij deze studieschulden."
DENK,"De heer El Abassi (DENK): Voorzitter. Tien gemeenten hebben illegaal informatie verzameld over islamitische inwoners. Mensen zijn gevolgd, geprofileerd, geregistreerd en bespioneerd vanwege hun geloof. Dit gebeurde onder leiding van de toenmalige NCTV-chef en huidige minister-president de heer Schoof. Dat is enorm pijnlijk voor Nederlandse moslims. Voorzitter. Deze spionagepraktijken raken aan fundamentele rechtsstatelijke beginselen. Moslims zijn opnieuw onderwerp van institutioneel wantrouwen en religieus profileren, met ernstige gevolgen voor hun privacy en het vertrouwen in de overheid. Natuurlijk wil niemand dat groepen Nederlanders vanwege hun religie worden bespioneerd. Niemand wil dat hier. Daarom vraag ik een debat aan met de minister van Justitie en Veiligheid."
PVV,"Mevrouw Faber (PVV): Dank u wel, voorzitter. Vooral in de grote steden moeten agenten veel incasseren. Ze worden gesard, bespuugd en bedreigd. Van hun bestuur moeten zij vooral begripvol en vriendelijk blijven. En nu is het zover gekomen dat een Utrechtse agent met zijn gezin moet onderduiken. Oorzaak: de agent deed zijn werk. Onverlaten zetten druk op zijn werk en daarmee op de politie door zijn privégegevens wereldwijd te delen. Gasten uit Verweggistan krijgen met voorrang een woning en soms wel twee, en onze eigen agent moet zijn huis ontvluchten. Als wij zo doorgaan, dan wil geen agent meer de straat op. Hiermee komt de democratische rechtsstaat onder vuur. Tijd om een duidelijke streep te trekken: genoeg is genoeg."
VVD,"Mevrouw Michon-Derkzen (VVD): Voorzitter. We hebben er inderdaad net al iets over gezegd in het vragenuurtje. We krijgen informatie vanuit het kabinet. Die informatie zou ik mee willen nemen naar het volgende commissiedebat Politie, waarin we het er inderdaad over moeten hebben hoe we agenten maximaal beschermen tegen deze vreselijke dingen die zij tegenkomen."
Groep Markuszower,"De heer Markuszower (Groep Markuszower): Bedankt, voorzitter. Met de Digital Services Act in de hand schijnt het zo te zijn — dat zegt een commissie van het Amerikaanse Huis van Afgevaardigden; niet de minste — dat verkiezingen in Europese landen, waaronder Nederland, zijn beïnvloed. Mocht dat waar zijn, dan is dat een ernstige zaak. Ik zou daarover graag een debat willen met de minister-president, zodat hij aan zijn EU-collega's kan vragen: what is going on?"
PVV,"De heer Stöteler (PVV): Voorzitter. De PVV wil dit debat ook, maar ik zou het graag vooraf laten gaan door een brief van het kabinet waarin het uitlegt welke afspraken er precies zijn gemaakt met platforms, hoe het ministerie van Binnenlandse Zaken de trustedflaggerstatus heeft gebruikt, hoe die is ingezet en hoe vaak die is ingezet en welke content in welke mate is verwijderd van social media."
Groep Markuszower,"De heer Heutink (Groep Markuszower): Voorzitter. Waar in Nederland de gemiddelde landelijke adviesprijs voor een liter benzine op dit moment €2,24 is, staat er in België €1,40 op de borden. Dat is een verschil van bijna €0,85. Pomphouders zien hun klanten de grens oversteken. De effecten zijn gigantisch, niet alleen voor de portemonnee van de overheid, maar ook vooral voor de Nederlandse inwoners. Er moet iets gebeuren, want we prijzen onszelf de markt uit. Daarom wil ik een groot debat met de minister van Infrastructuur en Waterstaat, de minister van Financiën en de minister van Economische Zaken over de prijs aan de pomp en de bijbehorende grenseffecten. Wat mij betreft nemen we daarin ook direct de hoogte van de tabaksaccijnzen en de prijzen van de boodschappen mee."
GroenLinks-PvdA,"De heer De Hoop (GroenLinks-PvdA): Voorzitter. Het vervoer is voor veel mensen te duur. Daar legt de heer Heutink de vinger op de zere plek. Maar dat geldt niet alleen voor de auto, maar ook voor het openbaar vervoer. Mijn suggestie zou zijn om een breder debat te voeren over vervoerskosten en het effect daarvan op de betaalbaarheid van het leven. Dan zouden wij het debat steunen. Als het alleen over de auto gaat, steunen wij het verzoek niet."
SP,"De heer Jimmy Dijk (SP): Voorzitter. Mensen in het land voelen haarfijn aan dat er de laatste tijd steeds meer cadeautjes zijn gekomen voor vermogenden; die betalen minder belasting. De mensen aan de pomp betalen daar de rekening voor. Ik zou dit debat heel graag willen steunen, in de breedte over vervoerskosten, maar ook over de accijnzen op de brandstof; die kunnen omlaag als we de meest vermogenden wat meer gaan belasten. Maar dan moet dat debat wel gevoerd worden met de minister van Financiën erbij, want anders wordt het een beetje een karig debat."
SP,"Mevrouw Beckerman (SP): Voorzitter. Er is asbest aangetroffen in speelzand voor kinderen. Ondertussen is speelzand nog steeds te koop. Het kabinet wil geen verkoopstop opleggen. Ook andere maatregelen worden niet toegezegd, bleek zojuist in het vragenuur. Daarom vragen wij een debat aan met de staatssecretaris VWS."
GroenLinks-PvdA,"De heer Bushoff (GroenLinks-PvdA): Voorzitter. Ik hoop eigenlijk dat er al eerder duidelijkheid komt over de veiligheid van dit speelgoed. Ik hoop dat er, als het inderdaad onveilig is, al gehandeld wordt voordat er een debat plaatsvindt hier in de Kamer, want dat kan weleens lang duren. Desalniettemin op zich steun. Mocht er een debat nodig zijn, dan denk ik wel dat de begrotingsbehandeling van VWS misschien de eerste mogelijkheid gaat zijn."
VVD,"Mevrouw Wendel (VVD): Hier is echt haast bij nodig en ik denk niet dat een debat hiervoor nu echt gaat helpen. Er is eerder actie nodig, dus wij willen dit gewoon bespreken bij de begroting. Dat is sneller dan een plenair debat. Maar ik wil wel mevrouw Beckerman danken voor de aandacht hiervoor, want het is echt heel belangrijk."
SP,"Mevrouw Beckerman (SP): Nee, voorzitter. Toch laat ik het op de dertigledenlijst zetten. Ik denk dat de leden er gelijk in hebben dat we dit zo snel mogelijk moeten bespreken, maar ik wijs er ook op dat dit gaat over verschillende beleidsterreinen. Ik denk dus dat het ook zinnig is om hier apart een debat over te voeren, want er moet veel gebeuren."
Groep Markuszower,"Mevrouw Lammers (Groep Markuszower): Dank u wel, voorzitter. Er zijn al zo'n 190.000 sociale huurwoningen met voorrang aan statushouders weggegeven in de afgelopen vijftien jaar. Nog eens 53.000 nareizigers zitten in de procedures. Kinderen worden vooruitgestuurd en een gezin van acht, tien of zelfs twaalf mensen komt over. Zij moeten in enorme huizen gevestigd worden terwijl de Nederlander nog niet eens een flatje kan vinden. Dit moet nu afgelopen zijn. We willen onmiddellijk na de aanstelling van een kabinet met de nieuwe minister van Asiel en Migratie een plenair debat over dit onderwerp. Dit is onhoudbaar voor Nederland. Hier kunnen wij niet tegenop bouwen."
SP,"Mevrouw Dobbe (SP): Dank u wel, voorzitter. Twee verzoeken. Vorige week berichtte het Jeroen Bosch Ziekenhuis dat er elke week verwaarloosde ouderen binnenkomen in het ziekenhuis die thuis wonen, maar met wie het thuis niet goed gaat. Elke week. Vandaag berichte Omroep Brabant dat ze het ook in andere ziekenhuizen zien: in Tilburg en Geldrop, door de hele provincie. De verwaarlozing die ze tegenkomen, is extreem: mensen die in hun eigen ontlasting zitten, onderkoeld zijn, doorligplekken hebben of luizen of een infectie hebben. Het is een kaartenhuis dat instort, zegt het Anna Ziekenhuis. De nieuwe coalitie wil miljarden bezuinigen op de zorg, wat het nog veel erger gaat maken. Maar het kaartenhuis dat instort is ook hoe we de zorg in Nederland hebben georganiseerd. Daarom is het belangrijk dat wij een debat hebben over hoe wij omgaan met de zorg voor onze ouderen."
Groep Markuszower,"De heer Claassen (Groep Markuszower): Mijn collega Ten Hove heeft een debat aangevraagd over dit soort zaken, over het ""zorggat"" voor ouderen zoals dat wordt genoemd. Het is schandalig dat dat gebeurt. Dus dat debat ligt er al. Mijn voorstel is dat we het er daarin over hebben en we hebben natuurlijk nog het begrotingsdebat in maart. Dus geen steun voor dit debat, maar de zorgen delen we zeker."
SP,"Mevrouw Dobbe (SP): Ja. In december zijn meer dan 1.000 patiënten in Gaza doodgegaan terwijl ze op een wachtlijst stonden voor medische evacuatie. Meer dan 4.000 kinderen staan nog steeds op een wachtlijst voor medische evacuatie omdat er geen medische voorzieningen zijn voor hen in Gaza of in de regio. Ondertussen mogen 37 internationale hulporganisaties niet meer werken in Gaza. Zij kunnen geen medische hulp geven aan kinderen die dat nodig hebben en kunnen niet zorgen voor voedsel of medicijnen. Dit kabinet heeft een brief gestuurd aan de Kamer — we hebben er zes weken op moeten wachten — over of ze de levens gaan redden van de kinderen voor wie geen andere plek is, maar waarvoor wel plek is in ziekenhuizen hier, zonder dat het ten koste gaat van andere kinderen. Dit kabinet heeft dus weken genomen om te besluiten dat het nieuwe kabinet hierover moet gaan besluiten. Daarom willen wij binnen twee weken na aantreden van het nieuwe kabinet een brief en een debat over hoe het nieuwe kabinet omgaat met medische evacuaties van kinderen uit Gaza en humanitaire hulp in Gaza."
GroenLinks-PvdA,"Mevrouw Piri (GroenLinks-PvdA): Voorzitter. Er staan al twee plenaire debatten gepland. Eentje gaat specifiek over de Palestijnse gebieden, volgens mij kwam dat verzoek van de heer Van Baarle. Eentje gaat over het Midden-Oosten, met mijn steun. Wat mij betreft kunnen we een van die twee gewoon vervroegd inplannen."
DENK,"De heer Van Baarle (DENK): Voorzitter. Als de lijn van het vorige kabinet, het huidige kabinet, dat straks een nieuw kabinet wordt, is dat het nieuwe kabinet het moet gaan uitvoeren, zou ik hier het verzoek willen doen dat het nieuwe kabinet zo spoedig mogelijk een brief stuurt naar de Tweede Kamer over hoe ze daar uitvoering aan willen geven. En van harte steun voor het verzoek om daar zo snel mogelijk een debat over te voeren."
DENK,"De heer Van Baarle (DENK): Voorzitter, dank. Vandaag is het rapport Opgroeien als moslimjongere in een polariserende samenleving verschenen van het KIS, waaruit blijkt dat moslimjongeren in Nederland dagelijks te maken krijgen met discriminatie, met grote gevolgen. Dit is niet het eerste rapport en het zal ook niet het laatste rapport zijn dat aantoont dat veel moslims te maken hebben met discriminatie in ons land. Een tijd geleden heb ik een debat aangevraagd over de bestrijding van moslimdiscriminatie. Dat kreeg een meerderheid van de toenmalige Kamer. Dat debat is inmiddels vervallen. Daarom zou ik graag opnieuw het verzoek willen doen om een plenair debat te houden over moslimdiscriminatie met de minister van Binnenlandse Zaken."
DENK,"De heer Van Baarle (DENK): Volgens mij telde ik wel 30 leden, dus ik zou het graag op de lijst van dertigledendebatten willen zetten. Met uw welnemen zou ik graag een informatieverzoek willen doen. Ik zou graag voor aanvang van het commissiedebat een schriftelijke reactie van het kabinet wensen op het door mij genoemde rapport, zodat we die bij het commissiedebat kunnen betrekken."
FVD,"De heer Van Meijeren (FVD): Dank u, meneer de voorzitter. Het bestaan van elitenetwerken die zich structureel en op grote schaal schuldig maken aan ernstig kindermisbruik werd lange tijd ontkend en gemakzuchtig naar het rijk der fabelen verwezen. Maar inmiddels kan het bestaan van ten minste één zo'n netwerk niet langer worden ontkend. Ik heb het dan natuurlijk over het netwerk rond Jeffrey Epstein. Dat heeft in tal van landen al geleid tot een politiek debat, maar hier in dit huis blijft het vooralsnog muisstil, terwijl uit de vrijgegeven documenten blijkt dat ook Nederlandse personen of organisaties hierbij betrokken zijn, ofwel als dader, ofwel als slachtoffer, ofwel als facilitator ofwel anderszins. Dat moet deugdelijk onderzocht worden. Daarom wil ik graag een brief van het kabinet met een reactie op de onthullingen, gevolgd door een debat met de minister van Justitie en Veiligheid."
Groep Markuszower,"De heer Heutink (Groep Markuszower): Voorzitter. Het is hier helemaal niet muisstil. We hebben in een e-mail ontdekt dat onder anderen een 9-jarig meisje betrokken was bij de dingen van Epstein. Daar hebben we vandaag Kamervragen over gesteld, dus dat wil ik hier even rechtgezet hebben. Maar steun voor een debat."
ChristenUnie,"De heer Ceder (ChristenUnie): Voorzitter. Ik zag dat er Kamervragen waren gesteld. Ik denk dat het belangrijk is dat er een brief komt. Die heeft de heer Van Meijeren ook aangevraagd. Ik wil dat eerst allemaal afwachten en de antwoorden bekijken om te bezien of we hierover een plenair debat moeten voeren. Dus voor nu geen steun, maar ik steun wel het verzoek om een brief te krijgen met een reactie van het kabinet."
FVD,"De heer Van Meijeren (FVD): Ik wil nog wel even iets zeggen in de richting van de heer Heutink. Als hij hierover vandaag Kamervragen heeft gesteld, dan heb ik die nog niet gezien. Heel goed. Ik wacht de beantwoording ook met veel belangstelling af, net als de brief van het kabinet. Ik hoop dat er dan alsnog steun is voor een debat over dit ernstige onderwerp."
JA21,"De heer Van den Berg (JA21): Wat een stichtelijke woorden, voorzitter. Dank. Ik sta hier vandaag om de kwestie van een SMR-rapport in Zeeland te agenderen. Vorige week heeft de minister een brief naar de Kamer gezonden over small modular reactors. Er blijkt dat er veel meer potentie is voor deze kleinere kerncentrales dan tot nu toe werd gedacht. Het is dus belangrijk dat we ons niet alleen focussen op elektriciteit, maar juist ook op warmte uit hoge temperatuur, bijvoorbeeld voor Dow Chemical of Yara. Daarom vraag ik een debat aan om de mogelijkheden verder te onderzoeken en vooral om de versnelling van SMR's daadwerkelijk in gang te zetten, zodat we daar als Nederland de vruchten van kunnen plukken."
CDA,"De heer Krul (CDA): Met duizendmaal dank aan alle collega's die mij even voor hebben gelaten. Ik begrijp dat het een uitzondering is, maar toch heel veel dank voor het meedenken. Dat helpt mij enorm. Voorzitter. Wij lazen vandaag het toch schokkende nieuwsbericht dat bijna 27.000 mensen per jaar op de spoedeisende hulp belanden als direct gevolg van nicotinegebruik. Wat met name opvalt, is de toename van het aantal jongeren dat vapet en daar direct gezondheidsproblemen van ondervindt. Dat vinden wij zorgelijk. Omdat het commissiedebat Leefstijlpreventie is afgelast en nog niet is ingepland, willen wij hier graag een plenair debat over. Dank u wel."
GroenLinks-PvdA,"Mevrouw Van Oosterhout (GroenLinks-PvdA): Dank u wel, voorzitter. Vorige week heeft de rechter een historische uitspraak gedaan in de klimaatzaak van Greenpeace over Bonaire. De rechtbank oordeelde dat de Nederlandse Staat onrechtmatig heeft gehandeld en het verbod op discriminatie heeft geschonden door Bonaire onvoldoende te beschermen tegen de gevolgen van klimaatverandering. De Staat moet binnen achttien maanden bindende tussentijdse doelen in nationale regelgeving vastleggen om de uitstoot terug te dringen, inclusief die van de luchtvaart en de scheepvaart, én met een plan komen en dat uitvoeren om Bonaire weerbaarder te maken tegen de gevolgen van klimaatverandering. Gezien de urgentie en de verstrekkende gevolgen verzoek ik om een debat met de minister van Klimaat en Groene Groei en de staatssecretaris van Binnenlandse Zaken en Koninkrijksrelaties over deze uitspraak en de vervolgstappen."
JA21,"De heer Van den Berg (JA21): Voorzitter. Steun voor een debat op korte termijn, maar wel met een heel andere reden. Ons hebben berichten bereikt dat er verkeerde informatie uit de IPCC-rapporten is gebruikt. Ik wil graag dat de minister dat punt in een debat zou meenemen en een reactie daarop geeft."
DENK,"De heer Ergin (DENK): Voorzitter. Al jaren vraagt de Kamer in debat na debat aan het kabinet om de toeslagenouders hun dossiers te geven. Die ouders hebben recht op hun dossiers. Zij hebben het volste recht om te weten waarom ze onterecht zijn weggezet als fraudeur en waarom de overheid hen kapot heeft gemaakt. In plaats van duidelijkheid en dossiers krijgen ouders echter opnieuw te maken met tegenwerking. Vorige week bleek uit een interne memo dat dossiers niet worden verstrekt aan ouders. Dat is echt ronduit schandalig. Het is echt schandalig dat opnieuw het vertrouwen van al die ouders wordt beschadigd. Dit roept heel veel vragen op. Wat wist de staatssecretaris? Wat had de staatssecretaris moeten weten? Wat is er niet verteld aan de Kamer? Voorzitter. Daarom vraag ik een debat aan met de staatssecretaris van Financiën. Daarbij heb ik ook een informatieverzoek in het kader van artikel 68 van de Grondwet. Ik wil een brief met een reactie van het kabinet met daarbij alle memo's en documenten waarin het beleid rondom het verstrekken van dossiers aan ouders aan de orde is geweest. Ik wil weten of deze documenten de verantwoordelijke bewindspersonen hebben bereikt. Zo ja, welke documenten hebben hen bereikt? Zo nee, waarom niet? En ik wil een tijdslijn vanaf het moment dat het achterhouden van documenten is geconstateerd. Ik wil weten wat daarmee is gedaan en hoe dit alles te rijmen valt met moties en toezeggingen die zijn gedaan tijdens de commissiedebatten op 7 november 2024, 27 maart 2025 en 24 september 2025."
GroenLinks-PvdA,"Mevrouw Westerveld (GroenLinks-PvdA): Voorzitter. Vorige week hebben we ook al een informatieverzoek gedaan. Het is goed om dat aan te vullen met de informatie waar de heer Ergin om vraagt. Wat ons betreft: laten we een debat inplannen als die informatie er is. Ik hoop eigenlijk dat er voor die tijd ook al een voortgangsrapportage is. Als die er voor die tijd is, zouden we er een groter debat van kunnen maken, met ook die stukken."
ChristenUnie,"Mevrouw Bikker (ChristenUnie): Dank u wel, voorzitter. Medio 2023 stelde ik vragen over de contacten van de goklobby met het ministerie van Justitie bij het tot stand komen van wetgeving die online gokken mogelijk maakt. Wat schetst mijn verbazing? Pas op 5 december 2025 kreeg ik antwoorden. Ik kreeg een meter aan stukken over de banden van de goklobby met het ministerie van Justitie. Die hebben geleid tot een enorme toename van verslavingen en tot de legalisering van online gokken, waarbij de reclame over ons heen is gebuiteld, met grote gevolgen. Juist daarom, nu die stukken eindelijk openbaar zijn — vorige week zijn ze onverhoeds even offline gehaald; ik hoop dat ze weer online staan — lijkt het me goed dat de Kamer hier een debat over voert."
ChristenUnie,"Mevrouw Bikker (ChristenUnie): Het is erg goed nieuws dat er nu wél een debat komt. De vorige keer dat ik dit verzoek deed, was de Kamer nog even aan het studeren in de stukken, denk ik. Ik ben dus ontzettend verheugd dat inmiddels een grote meerderheid van de Kamer zegt dat dit debat snel moet worden gevoerd."
Groep Markuszower,"De heer Claassen (Groep Markuszower): Voorzitter. Er was een brede Kamermeerderheid om te gaan kijken of de geboortezorg in het Zuyderlandziekenhuis, locatie Heerlen, overeind gehouden zou kunnen worden. Er zou onderzoek naar gedaan worden. Nu ligt er het voorstel om dat te doen voor Heerlen, maar het bestuur in Heerlen zegt nu: dat hoeft niet, want er is onderzoek gedaan in Zoetermeer en dat is eigenlijk hetzelfde. Ik zou eigenlijk graag een debat willen met de minister om toch wat druk te zetten. Ik wil daarmee de minister aansporen om een haalbaarheidsonderzoek te doen naar het overeind houden van de geboortezorg in het ziekenhuis in Heerlen. Waarom? De regio waarin de locatie Heerlen ligt, Parkstad, heeft een hele slecht SES-waarde. Dat betekent een gezondheidsachterstand voor zwangere vrouwen en de kinderen die daar geboren worden. Het is eigenlijk een schande. Daarom wil ik middels een debat met de minister graag de druk opvoeren."
Groep Markuszower,"De heer Claassen (Groep Markuszower): Mijn tweede debataanvraag gaat over wonen. Dat is voor mij een nieuw onderwerp. Ik heb begrepen dat wij het als Kamer heel belangrijk vinden dat we woningen gaan bouwen. Dat staat in zo'n beetje elk verkiezingsprogramma. Het staat ook in het nieuwe coalitieakkoord. We willen bouwen, bouwen, bouwen, maar elke keer is er berichtgeving dat dat niet lukt. Nu was de berichtgeving dat provincies weer allerlei maatregelen willen, waardoor het gewoon niet lukt om te bouwen. Ik denk dat het goed is om wat betreft dit onderwerp een debat te voeren over wat we als Kamer dan wél moeten doen om ervoor te zorgen dat we woningen gaan bouwen waar onze Nederlanders om smachten."
PVV,"De heer Mooiman (PVV): Het is inderdaad een belangrijk onderwerp. We hebben er ook schriftelijke vragen over gesteld. Eerder is er een motie aangenomen om de bovenwettelijke eisen door provincies en gemeenten tegen te gaan. Ik denk echter dat dit het snelst kan worden behandeld in het notaoverleg over de Nota Ruimte, dan wel in het commissiedebat Staat van de volkshuisvesting. Voor nu dus geen steun, maar het kan wel snel behandeld worden in de commissie."
CDA,"Mevrouw Steen (CDA): Eens. Het is een belangrijk onderwerp. Volgens mij kunnen we hier eerder over spreken als we het in een commissiedebat bespreken, zoals over het Klimaatakkoord gebouwde omgeving, de Nota Ruimte of whatever. Volgens mij zijn we eerder als we het in een commissie doen. Dat scheelt weer een debat op het lijstje."
SGP,"De heer Diederik van Dijk (SGP): Dank, voorzitter. Namens Stoffer doe ik het verzoek aan de Kamer om ook de minister van Economische Zaken uit te nodigen voor het debat over het bericht dat het cloudbedrijf dat DigiD en MijnOverheid host, is verkocht aan een buitenlandse techgigant, en over cloudmigratie naar Amerikaanse techgiganten. Tevens doe ik het verzoek om dit debat nog voor het voorjaarsreces in te plannen."
PvdD,"Mevrouw Teunissen (PvdD): Voorzitter, ik hoop dat het lukt, want ik wil een debat aanvragen over de toekomst van de Nederlandse industrie. Dat is heel belangrijk, onder andere omdat de Wetenschappelijke Klimaatraad vorige week heel helder was in zijn advies Kiezen of verliezen: zonder flinke koerswijzigingen en scherpe keuzes zal Nederland niet alleen de klimaatdoelen niet halen, maar ook nog eens achteropraken. We hebben nog steeds een fossiele, ziekmakende industrie in Nederland. Daarover moeten we echt met de Kamer in gesprek en ook over hoe we ons verhouden tot de nieuwe plannen in het coalitieakkoord over de toekomst van de industrie. Daarom vraag ik een debat aan met de minister van Klimaat en Groene Groei."
JA21,"De heer Ceulemans (JA21): Voorzitter, dank u wel. Afgelopen zondag, 1 februari, startte de tweejaarlijkse cyclus van de Spreidingswet. Volgens die wet moet de minister voor 1 februari de capaciteitsraming, de provinciale opgave en het indicatieve aantal opvangplekken per gemeente bekendmaken. We hebben deze echter nog niet gezien en vinden het wel belangrijk om deze informatie te kunnen betrekken bij de begrotingsbehandeling Asiel en Migratie die we vanmiddag hebben. Door de korte tijd lukte het vrijdag net niet via een e-mailprocedure, dus bij dezen alsnog het verzoek om een brief van de minister voor Asiel en Migratie waarin zij aangeeft hoe ze hier invulling aan geeft, en om, als de aantallen al zijn vastgesteld, alle beschikbare informatie daarover te ontvangen voorafgaand aan de begrotingsbehandeling van vanmiddag."
PVV,"De heer Boon (PVV): Voorzitter. We hebben van de week het rapport Gevangen in vrijheden van de Taskforce Antisemitismebestrijding ontvangen. Eigenlijk wilde ik ""schokkend"" zeggen, maar we zijn niet meer geschokt. We weten het. Het bevestigt wat iedereen al ziet: antisemitisme in Nederland is uit de hand gelopen. Het is structureel. Het is stelselmatig. Het maakt het leven van Joden op straat en universiteiten steeds onveiliger. Het rapport laat ook zien dat het beleid van dit kabinet en van schoolbesturen volledig faalt. Jarenlang is gekozen voor wegkijken, praten, verbinden en dialoogsessies. Dat heeft niets opgelost. Dat heeft het probleem alleen maar groter gemaakt. Daarom wil de PVV graag een brief met de reactie van het kabinet op het rapport en een debat."
BBB,"Mevrouw Van der Plas (BBB): Voorzitter. Antisemitisme tiert welig. Dat zien we overal elke dag. Ik steun dus het debat. Ik zou daarbij willen meegeven aan de Griffie om te kijken of we dat debat voor het meireces kunnen inplannen, omdat we dan ook volop in de herdenkingen zitten, rond 4 en 5 mei. Dat lijkt me dus een passend moment om het in te plannen."
ChristenUnie,"De heer Ceder (ChristenUnie): Voorzitter. Volgens mij hebben we al ingepland dat we elk jaar een antisemitismedebat hebben, als ik het me nog goed kan heugen. Het is dus goed om het voor het meireces te houden, maar als we die afspraak al hebben, is het misschien goed om dat te doen, waardoor we het ook breder kunnen trekken. Dus steun voor het verzoek, maar volgens mij plannen we dan meerdere antisemitismedebatten in. Voor mij is het dan misschien handiger om het debat dat we al ingepland hebben, voor het meireces in te plannen."
Groep Markuszower,"De heer Heutink (Groep Markuszower): Voorzitter. Schipholmedewerkers zijn tijdens de winterchaos van afgelopen maand totaal aan hun lot overgelaten door de luchthaven en door KLM. Terwijl passagiers agressief werden en de marechaussee personeel moest ontzetten, bleven managers dagenlang onzichtbaar. Dat blijkt uit een snoeiharde evaluatie van vakbond FNV Luchtvaart na een peiling onder bijna 200 beveiligers, schoonmakers en grondmedewerkers. Daarom wil ik een debat aanvragen met de minister van Infrastructuur en Waterstaat over deze evaluatie."
Volt,"De heer Dassen (Volt): Dank, voorzitter. Terwijl er veel gebeurt in de wereld, gaat ook de Russische agressie in Oekraïne onverminderd door; zie ook de berichten dat steeds meer mensen in de kou zitten, onder andere in Kyiv. Elk jaar voert deze Kamer terecht een debat over de oorlog in Oekraïne, juist omdat die ook gaat over onze vrijheid en veiligheid. Daarom lijkt het me goed en noodzakelijk om ervoor te zorgen dat eind februari of begin maart weer een debat over vier jaar oorlog in Oekraïne wordt gepland, met de minister-president, de minister van Buitenlandse Zaken en de minister van Defensie. In aanloop daarnaartoe zou ik graag ook een brief ontvangen vanuit het kabinet met daarin de laatste stand van zaken."
BBB,Mevrouw Van der Plas (BBB): Volgens mijn informatie staat het nieuwe kabinet op 23 februari op het bordes. 24 februari lijkt me wat vlot. Bovendien kan dit ook gewoon in een commissiedebat. Ik zou dus aan de heer Dassen willen voorstellen om het op een ander moment daar op de regeling van werkzaamheden te zetten.
PVV,"Mevrouw Maeijer (PVV): Dank u, voorzitter. Eind 2024 vond hier in de plenaire zaal een mooi debat plaats over palliatieve zorg en stervensbegeleiding. Dat is een belangrijk onderwerp, want uiteindelijk krijgen we daar allemaal mee te maken. Recent is er een rapport verschenen over hospices in Nederland en heeft de staatssecretaris de Kamer toegezegd om voor de zomer met een reactie te komen op een tweetal andere brieven over de subsidieregeling voor palliatieve zorg en de toekomstagenda. Dit lijkt mij daarom een goed moment om alvast rond die tijd een plekje in deze zaal te reserveren, omdat palliatieve zorg en stervensbegeleiding onderdeel van het leven zijn en ze dat dus ook van het debat moeten zijn en omdat we het daar met elkaar over moeten hebben."
PVV,"Mevrouw Maeijer (PVV): Voorzitter. Ouderen worden het ziekenhuis binnengebracht met doorligplekken van urenlang in de eigen ontlasting liggen, met vliegjes in het haar. Elke week komen er ouderen verwaarloosd binnen in het Jeroen Bosch Ziekenhuis, zo lezen we vandaag in de krant. En dat is nog zonder de bezuinigingsplannen van het nieuwe kabinet, waarin onder andere het geld bestemd voor de terugkeer van de verzorgingshuizen en verpleegplekken met de botte bijl wordt weggehakt. Het is te schrijnend voor woorden. Het kan niet; het mag niet. Ik wil daar heel graag een debat over met de staatssecretaris Langdurige en Maatschappelijke Zorg."
BBB,"Mevrouw Van der Plas (BBB): Ik zit gewoon een beetje te twijfelen. We krijgen straks nog een begroting. We krijgen straks nog een debat over de regeringsverklaring. Ouderenzorg is hier gisteren ook flink genoemd. Ik vraag me dus af of dat nu zin heeft, omdat het dan weer veel langer gaat duren. Ik ga het toch steunen, want ouderen in Nederland worden compleet uitgekleed, figuurlijk gezien dan, want er is geen tijd om hen in hun eigen kamertjes in een pyjamaatje te zetten. Figuurlijk gesproken worden ze uitgekleed. Dus ik steun het."
ChristenUnie,"De heer Grinwis (ChristenUnie): Voorzitter, dank u wel. Hoe kan het nou? Dat is eigenlijk mijn hoofdvraag aan de minister. Nederland zit namelijk op slot, alleen al door een overbelast elektriciteitsnet; huizen kunnen niet worden gebouwd omdat die niet kunnen worden aangesloten en ondernemers die willen verduurzamen, bijvoorbeeld in de Amsterdamse haven, kunnen dat niet, omdat zij geen grotere aansluiting kunnen krijgen op het net. Het is hetzelfde verhaal voor onze scholen en ziekenhuizen. Iedereen staat in de rij en mag wachten tot sint-juttemis. Maar wat schetst mijn verbazing? In Amsterdam verschijnt een megagroot datacenter. Het gaat om drie torens van 85 meter, die weliswaar met een trucje zijn opgeknipt in drieën, maar helemaal worden benut door het Amerikaanse Microsoft. Alsof er geen wachtende woningzoekers zijn, of ondernemers die wachten op een grotere aansluiting op het net. Omwille van het overvolle stroomnet en de ruimte hebben we een paar jaar geleden als Rijk besloten om nieuwe hyperscale datacenters alleen nog te bouwen in de Wieringermeer en bij de Eemshaven, dus niet meer in Amsterdam. Daarom mijn vraag aan de hoeder van onze ruimtelijke ordening: minister, hoe kan het dat de wet geldt voor het hele land, maar, met gebruik van wat trucjes, niet voor Amsterdam? Amsterdam is toch geen autonome republiek?"
D66,"Mevrouw Rooderkerk (D66): Voorzitter. Hoe zorgen we dat een kind dit nooit meer bij iemand doet? Dat vroeg het zusje van Yasmina, een 12-jarig meisje dat in een speeltuin door een groep jongeren in elkaar werd geslagen. Dat werd gefilmd en online verspreid. Op twee derde van de scholen in Nederland gaan schokkende geweldsvideo's rond, die slachtoffers jarenlang achtervolgen; filmpjes waarin jongeren mishandeld worden, soms zelfs met messen of pistolen. Omstanders grijpen niet in, maar filmen dit. Het zijn echt vreselijke beelden en de daders verdienen een passende straf. Voorzitter. Wij willen kinderen offline en online beter beschermen, zodat zij vrij zijn van geweld en van verspreiding daarvan via verslavende algoritmes van techbedrijven, zodat kinderen normaal naar school kunnen en ouders zich er geen zorgen over hoeven te maken of dit met hun kind gebeurt. Daarom moet er nu een nationaal kindbeschermingsplan komen, samen met politie, OM, scholen en ouders. Daarover mijn eerste vraag aan de staatssecretaris. Waarom heeft het ministerie niet in kaart dat zoiets op zo'n grote schaal voorkomt? Waarom hebben we Pointer en onderzoek van DUO nodig om dit in beeld te krijgen?"
Groep Markuszower,"De heer Markuszower (Groep Markuszower): Dank u wel, voorzitter. Ik wil een verzoek doen aan de collega's. Een paar maanden geleden hebben we met een aantal andere Kamerleden een brief gestuurd waarin we hebben verzocht om een onderzoek naar een aanklacht in overweging te nemen. Die termijn is een keer bijna verstreken. Toen hebben we een verlenging gevraagd. Wettelijk mag je niet nog een verlenging aanvragen. Ik wil de Kamer dus eigenlijk vragen of we daar vandaag over kunnen stemmen. Dan horen we het wel."
GroenLinks-PvdA,"De heer Bushoff (GroenLinks-PvdA): Dank u wel, voorzitter. Het is niet een heel spannend verzoek. Het verzoek is om wat betreft de Wet chartaal betalingsverkeer — dat is punt 3 op de stemmingslijst — eerst over de ingediende moties te stemmen, daarna over de amendementen en gewoon uit het oogpunt van zorgvuldigheid volgende week, een weekje later, over de wet. Dat is niet spannend, maar wel zorgvuldig."
SP,"De heer Jimmy Dijk (SP): Dank u wel, voorzitter. Ik zou graag een debat met de minister van Sociale Zaken en Werkgelegenheid willen aanvragen, omdat we het nieuws hebben gezien dat weer 175.000 mensen in armoede leven die ook aan het werk zijn. Dat is een hele specifieke groep. We hebben heel veel verschillende commissiedebatten, maar het lijkt mij erg goed om extra aandacht te besteden aan deze specifieke groep hardwerkende Nederlanders die in armoede verkeren, en ervoor te zorgen dat ze uit die armoede komen."
SP,"De heer Jimmy Dijk (SP): Voorzitter. Dan het volgende verzoek. Tijdens het commissiedebat over WIA-zaken bereikte ons het nieuws dat er grote problemen zijn bij het UWV. De voorzitter van de artsen van het UWV geeft aan dat er grote tekorten en wachtlijsten zijn en dat je alleen nog maar kans maakt op een herbeoordeling als je al in de financiële problemen komt. Dat is natuurlijk de omgekeerde wereld. Dit probleem, dit onderwerp, vraagt inderdaad om het commissiedebat dat we hebben gevoerd. We zullen er ook een tweeminutendebat over voeren, maar het vraagt ook om een uitgebreidere analyse, ook van deze Kamer, en om meer werk dan er tot nu toe gedaan is om die problemen van mensen op te lossen."
GroenLinks-PvdA,"Mevrouw Patijn (GroenLinks-PvdA): Dank u wel, voorzitter. Steeds meer huishoudens kunnen de boel niet twee jaar financieel draaiende houden als de hoofdkostwinner het inkomen verliest. Er wordt op allerlei manieren veel gesproken over inkomensvoorzieningen van mensen, maar het gaat nooit over de situatie waarin je werkloos wordt of je werk verliest. Er is geen apart debat over de Werkloosheidswet en er is geen mogelijkheid om met elkaar echt erover door te denken. Vandaar dat ik graag een debat wil hebben over deze situatie die het CPB in kaart heeft gebracht."
ChristenUnie,"De heer Ceder (ChristenUnie): Dank, voorzitter. Ik had gehoopt hier niet opnieuw te hoeven staan, maar het houdt maar niet op. Gewapende mannen hebben vorige week zondag meerdere kerkdiensten in het noorden van Nigeria aangevallen. Daarbij zijn meer dan 160 christenen ontvoerd. De aanvallen vonden plaats terwijl de diensten bezig waren. Het lot van deze mensen is onbekend. Deze aanval staat niet op zichzelf. Het rapport van Open Doors dat begin deze maand is gepresenteerd, stelt dat 388 miljoen christenen inmiddels vervolgd worden. Ik heb afgelopen november om een debat gevraagd, met het verzoek dit zo snel mogelijk in te plannen. Hier was een meerderheid voor, maar inmiddels zijn we al een paar maanden verder. Ik zou gezien de urgentie willen verzoeken om dit debat uiterlijk voor het voorjaarsreces in te plannen."
ChristenUnie,"Mevrouw Bikker (ChristenUnie): Voorzitter, dank u wel. In 2023 stelde ik met onze oud-collega Michiel van Nispen schriftelijke vragen over de contacten van de goklobby met het ministerie, op basis van destijds zorgwekkende signalen. Er werd toegezegd dat de stukken actief zouden worden geopenbaard. Tweeënhalf jaar later, na herhaaldelijk aandringen vanuit de Kamer, hebben we de stukken: een stapel die bijna boven deze katheder uit komt. De afgelopen weken hebben we de stukken grondig bestudeerd. Het beeld beklijft dat de goklobby een zeer grote invloed heeft gehad op de legalisering van het online gokken en dat er bovendien soms op bijna of geheel denigrerende wijze wordt gesproken over sommige leden of fracties in deze Kamer. Dat verdient een debat en dat vraag ik bij dezen aan."
ChristenUnie,"Mevrouw Bikker (ChristenUnie): Voorzitter. Ik vind dit erg zorgwekkend. Ik heb nog nooit meegemaakt dat er zo'n stapel stukken komt op een stel vragen, tweeënhalf jaar later. Ik had van de collega's in die zin meer verwacht. Ik constateer dat er wel een dertigledendebat mogelijk is. Ik ga door met het uitlichten van wat er verschenen is. Dan zal ik hier weer staan en ik hoop dat de collega's de parlementaire verantwoordelijkheid nemen die wij met elkaar hebben voor het controleren van de regering en het beleid."
Volt,"De heer Dassen (Volt): Dank, voorzitter. Afgelopen week hebben de Britse inlichtingendiensten gewaarschuwd voor het instorten van cruciale ecosystemen en de directe gevolgen voor de nationale veiligheid, zoals voedseltekorten, migratie, conflicten en pandemieën. Dit raakt ook Nederland; dit raakt ook Europa. Daarom wil ik graag een debat aanvragen met zowel de minister van Klimaat en Groene Groei als de minister van Defensie om hierover te spreken. In aanloop daarnaartoe zou ik ook graag een brief van het kabinet ontvangen waarin het ingaat op het rapport en de mogelijkheden die Nederland heeft om te zorgen dat we eenzelfde dreigingsanalyse kunnen maken als de Britten hebben gedaan."
Volt,"De heer Dassen (Volt): Nee, voorzitter, maar wel 30 leden. Ik neem aan dat u het verzoek doorgeleidt naar het kabinet. Tegen de mensen die zeggen dat dit ook kan bij Klimaat en Groene Groei, zeg ik: daar zit de minister van Defensie niet. Het is juist een integraal probleem voor onze veiligheid. Dan zou het daar dus ook besproken moeten worden. Ik zal hier nog een keer een verzoek toe doen. Dan kan het CDA wellicht van mening veranderen. Dank u wel."
Groep Markuszower,"Mevrouw Ten Hove (Groep Markuszower): Dank u wel, voorzitter. Afgelopen week verscheen er een artikel in De Gooi- en Eemlander over de chaos achter de schermen bij hulpverlening die twee mensen het leven heeft gekost. De Meldkamer Ambulancezorg had geen idee van wat er ter plaatse aan de hand was. Dat is levensgevaarlijk, met name voor de hulpverleners ter plaatse. Zij kunnen zo niet van de juiste informatie worden voorzien, zelfs niet in het geval het hun eigen veiligheid betreft. Hierover zou ik graag nog voor het zomerreces in gesprek gaan met de minister van Volksgezondheid, Welzijn en Sport."
FVD,"De heer Russcher (FVD): Dank, voorzitter. Recente cijfers en analyses benadrukken nogmaals dat ons land structureel te maken heeft met vergrijzing, een laag geboortecijfer en een veranderende bevolkingssamenstelling. Dat heeft grote gevolgen voor de arbeidsmarkt, de woningbouw, de zorg, de economie, onze cultuur en de sociale samenhang. Het is van groot belang dat wij hier als Tweede Kamer een debat over voeren, omdat dit raakt aan de lange termijn en de toekomst van Nederland. Hierbij zou ik graag de minister van Asiel en Migratie, de minister van Sociale Zaken en de minister van Volkshuisvesting willen uitnodigen."
PVV,"De heer Kops (PVV): Voorzitter. Windmolens draaien op subsidie, en dat blijkt maar weer eens. De uitrol van windparken op zee loopt voor geen meter, omdat ontwikkelaars zich massaal terugtrekken, en terecht. Daarom wordt er nu in een soort wanhoopspoging een nieuwe subsidiepot van maar liefst 4 miljard euro in het vooruitzicht gesteld. Wie draaien daarvoor op? De huishoudens natuurlijk. Dat moeten we niet doen. We moeten stoppen met deze doodlopende weg. Daarom graag een debat met de minister van Klimaat en Groene Groei."
PvdD,"Kamerlid Kostić (PvdD): Voorzitter. We hebben binnenkort een plenair debat over de jaarwisseling. Bij de aanvraag van dat debat door mevrouw Coenradie heeft de Partij voor de Dieren al aangegeven heel graag de staatssecretaris van IenW hier ook bij te willen hebben, gezien ook het debat over vuurwerk, het vuurwerkverbod en alle ontwikkelingen daarin. Vorige week heeft de commissie van I&W daar ook om gevraagd. Mij is gevraagd om dit formeel hier ook te bevestigen, dus ik doe graag het verzoek om ook de staatssecretaris van IenW uit te nodigen voor het debat."
BBB,"Mevrouw Van der Plas (BBB): Inderdaad gaat het kabinet over zijn eigen afvaardiging, maar ik vermoed dat er wel weer over vuurwerk gesproken wordt. Dat gebeurt namelijk de hele tijd als we het over onderwerpen als geweld tegen de politie hebben. Dat vind ik persoonlijk echt allemaal bizar. Maar goed, laten we het over vuurwerk hebben. Dan is het vrij logisch dat de staatssecretaris van IenW daarbij is."
VVD,Mevrouw Michon-Derkzen (VVD): Voorzitter. De staatssecretaris van IenW heeft een AMvB naar de Kamer gestuurd. Ik verwacht van de minister van JenV het handhavingsplan en we kijken nog uit naar de compensatieregeling. Die drie dingen zouden dan wat mijn fractie betreft centraal moeten staan in dit debat. Ik steun inderdaad ook het voorstel van het lid Kostić om dat met beide bewindspersonen te doen.
Groep Markuszower,"Mevrouw Moinat (Groep Markuszower): Dank u wel, voorzitter. De berichten dat Nederlandse jongeren in buitenlandse jeugdhulpinstellingen zijn mishandeld en erger, laten zien dat het toezicht ernstig heeft gefaald. Het gaat om zeer kwetsbare kinderen die aan onze zorgen zijn toevertrouwd. Dit kan en mag niet gebeuren. Daarom wil ik een debat met de staatssecretaris van Jeugd, Preventie en Sport over het toezicht op buitenlandse jeugdhulpinstellingen en de veiligheid van onze kinderen."
